{
  "title": "",
  "ctx": null,
  "suites": [
    {
      "title": "JOSE Tests",
      "ctx": null,
      "suites": [
        {
          "title": "Mavennet",
          "ctx": null,
          "suites": [],
          "tests": [
            {
              "type": "test",
              "title": "1. JWT Basic Credential Issuance",
              "body": "async function() {\n            if (!features[requiredFeature]) {\n              console.log(`Skipping test \"${testName}\" for ${name} due to missing feature: ${requiredFeature}`);\n              this.skip();\n              return;\n            }\n\n            console.log(`Running test: ${testName} for implementation: ${name}`);\n            await generateTestResults(name, testConfig);\n            this.test.cell = {columnId: name, rowId: testName};\n            const result = await checkTestResults(name, testConfig);\n            console.log(`Test result for ${name} - ${testName}: ${result}`);\n            should.equal(result, testConfig.expected_result);\n\n            // Log the test result in a format that matches the report generator's expectations\n            console.log(`Reporter data: ${this.test.cell.columnId},${this.test.cell.rowId},${result}`);\n          }",
              "async": 0,
              "sync": true,
              "_timeout": 150000,
              "_slow": 75,
              "_retries": -1,
              "timedOut": false,
              "_currentRetry": 0,
              "pending": false,
              "file": "/home/runner/work/vc-jose-cose-test-suite/vc-jose-cose-test-suite/tests/test-runner.js",
              "parent": "3MgFLVJ45Tn8a5ZJdyOQB",
              "ctx": null,
              "_testId": "urn:uuid:04c2fb3c-1537-45e6-9ebd-23f2aaa56941",
              "_events": {},
              "_eventsCount": 1,
              "timer": {
                "_idleTimeout": -1,
                "_idlePrev": null,
                "_idleNext": null,
                "_idleStart": 16199,
                "_onTimeout": null,
                "_repeat": null,
                "_destroyed": true
              },
              "cell": {
                "columnId": "Mavennet",
                "rowId": "1. JWT Basic Credential Issuance"
              },
              "duration": 16029,
              "state": "passed",
              "speed": "slow"
            },
            {
              "type": "test",
              "title": "2. JWT Credential Issuance with All Optional Fields",
              "body": "async function() {\n            if (!features[requiredFeature]) {\n              console.log(`Skipping test \"${testName}\" for ${name} due to missing feature: ${requiredFeature}`);\n              this.skip();\n              return;\n            }\n\n            console.log(`Running test: ${testName} for implementation: ${name}`);\n            await generateTestResults(name, testConfig);\n            this.test.cell = {columnId: name, rowId: testName};\n            const result = await checkTestResults(name, testConfig);\n            console.log(`Test result for ${name} - ${testName}: ${result}`);\n            should.equal(result, testConfig.expected_result);\n\n            // Log the test result in a format that matches the report generator's expectations\n            console.log(`Reporter data: ${this.test.cell.columnId},${this.test.cell.rowId},${result}`);\n          }",
              "async": 0,
              "sync": true,
              "_timeout": 150000,
              "_slow": 75,
              "_retries": -1,
              "timedOut": false,
              "_currentRetry": 0,
              "pending": false,
              "file": "/home/runner/work/vc-jose-cose-test-suite/vc-jose-cose-test-suite/tests/test-runner.js",
              "parent": "3MgFLVJ45Tn8a5ZJdyOQB",
              "ctx": null,
              "_testId": "urn:uuid:239d3119-f839-447a-bfb0-6a63389de7d9",
              "_events": {},
              "_eventsCount": 1,
              "timer": {
                "_idleTimeout": -1,
                "_idlePrev": null,
                "_idleNext": null,
                "_idleStart": 17116,
                "_onTimeout": null,
                "_repeat": null,
                "_destroyed": true
              },
              "cell": {
                "columnId": "Mavennet",
                "rowId": "2. JWT Credential Issuance with All Optional Fields"
              },
              "duration": 916,
              "state": "passed",
              "speed": "slow"
            },
            {
              "type": "test",
              "title": "3. JWT Basic Presentation Issuance",
              "body": "async function() {\n            if (!features[requiredFeature]) {\n              console.log(`Skipping test \"${testName}\" for ${name} due to missing feature: ${requiredFeature}`);\n              this.skip();\n              return;\n            }\n\n            console.log(`Running test: ${testName} for implementation: ${name}`);\n            await generateTestResults(name, testConfig);\n            this.test.cell = {columnId: name, rowId: testName};\n            const result = await checkTestResults(name, testConfig);\n            console.log(`Test result for ${name} - ${testName}: ${result}`);\n            should.equal(result, testConfig.expected_result);\n\n            // Log the test result in a format that matches the report generator's expectations\n            console.log(`Reporter data: ${this.test.cell.columnId},${this.test.cell.rowId},${result}`);\n          }",
              "async": 0,
              "sync": true,
              "_timeout": 150000,
              "_slow": 75,
              "_retries": -1,
              "timedOut": false,
              "_currentRetry": 0,
              "pending": false,
              "file": "/home/runner/work/vc-jose-cose-test-suite/vc-jose-cose-test-suite/tests/test-runner.js",
              "parent": "3MgFLVJ45Tn8a5ZJdyOQB",
              "ctx": null,
              "_testId": "urn:uuid:8c995281-2eee-4f2b-b3a2-5a97eb09b895",
              "_events": {},
              "_eventsCount": 1,
              "timer": {
                "_idleTimeout": -1,
                "_idlePrev": null,
                "_idleNext": null,
                "_idleStart": 17972,
                "_onTimeout": null,
                "_repeat": null,
                "_destroyed": true
              },
              "cell": {
                "columnId": "Mavennet",
                "rowId": "3. JWT Basic Presentation Issuance"
              },
              "duration": 855,
              "state": "passed",
              "speed": "slow"
            },
            {
              "type": "test",
              "title": "4. JWT Complex Presentation Issuance",
              "body": "async function() {\n            if (!features[requiredFeature]) {\n              console.log(`Skipping test \"${testName}\" for ${name} due to missing feature: ${requiredFeature}`);\n              this.skip();\n              return;\n            }\n\n            console.log(`Running test: ${testName} for implementation: ${name}`);\n            await generateTestResults(name, testConfig);\n            this.test.cell = {columnId: name, rowId: testName};\n            const result = await checkTestResults(name, testConfig);\n            console.log(`Test result for ${name} - ${testName}: ${result}`);\n            should.equal(result, testConfig.expected_result);\n\n            // Log the test result in a format that matches the report generator's expectations\n            console.log(`Reporter data: ${this.test.cell.columnId},${this.test.cell.rowId},${result}`);\n          }",
              "async": 0,
              "sync": true,
              "_timeout": 150000,
              "_slow": 75,
              "_retries": -1,
              "timedOut": false,
              "_currentRetry": 0,
              "pending": false,
              "file": "/home/runner/work/vc-jose-cose-test-suite/vc-jose-cose-test-suite/tests/test-runner.js",
              "parent": "3MgFLVJ45Tn8a5ZJdyOQB",
              "ctx": null,
              "_testId": "urn:uuid:55429caf-0a31-4d04-bba0-dd588bbe3feb",
              "_events": {},
              "_eventsCount": 1,
              "timer": {
                "_idleTimeout": -1,
                "_idlePrev": null,
                "_idleNext": null,
                "_idleStart": 18843,
                "_onTimeout": null,
                "_repeat": null,
                "_destroyed": true
              },
              "cell": {
                "columnId": "Mavennet",
                "rowId": "4. JWT Complex Presentation Issuance"
              },
              "duration": 871,
              "state": "passed",
              "speed": "slow"
            },
            {
              "type": "test",
              "title": "5. JWT Issuance with Unknown Extensions",
              "body": "async function() {\n            if (!features[requiredFeature]) {\n              console.log(`Skipping test \"${testName}\" for ${name} due to missing feature: ${requiredFeature}`);\n              this.skip();\n              return;\n            }\n\n            console.log(`Running test: ${testName} for implementation: ${name}`);\n            await generateTestResults(name, testConfig);\n            this.test.cell = {columnId: name, rowId: testName};\n            const result = await checkTestResults(name, testConfig);\n            console.log(`Test result for ${name} - ${testName}: ${result}`);\n            should.equal(result, testConfig.expected_result);\n\n            // Log the test result in a format that matches the report generator's expectations\n            console.log(`Reporter data: ${this.test.cell.columnId},${this.test.cell.rowId},${result}`);\n          }",
              "async": 0,
              "sync": true,
              "_timeout": 150000,
              "_slow": 75,
              "_retries": -1,
              "timedOut": false,
              "_currentRetry": 0,
              "pending": false,
              "file": "/home/runner/work/vc-jose-cose-test-suite/vc-jose-cose-test-suite/tests/test-runner.js",
              "parent": "3MgFLVJ45Tn8a5ZJdyOQB",
              "ctx": null,
              "_testId": "urn:uuid:b2fd671a-bace-4dc7-8ed2-fe17b76c1f3c",
              "_events": {},
              "_eventsCount": 1,
              "timer": {
                "_idleTimeout": -1,
                "_idlePrev": null,
                "_idleNext": null,
                "_idleStart": 19753,
                "_onTimeout": null,
                "_repeat": null,
                "_destroyed": true
              },
              "cell": {
                "columnId": "Mavennet",
                "rowId": "5. JWT Issuance with Unknown Extensions"
              },
              "duration": 910,
              "state": "passed",
              "speed": "slow"
            },
            {
              "type": "test",
              "title": "6. JWT Basic Credential Verification",
              "body": "async function() {\n            if (!features[requiredFeature]) {\n              console.log(`Skipping test \"${testName}\" for ${name} due to missing feature: ${requiredFeature}`);\n              this.skip();\n              return;\n            }\n\n            console.log(`Running test: ${testName} for implementation: ${name}`);\n            await generateTestResults(name, testConfig);\n            this.test.cell = {columnId: name, rowId: testName};\n            const result = await checkTestResults(name, testConfig);\n            console.log(`Test result for ${name} - ${testName}: ${result}`);\n            should.equal(result, testConfig.expected_result);\n\n            // Log the test result in a format that matches the report generator's expectations\n            console.log(`Reporter data: ${this.test.cell.columnId},${this.test.cell.rowId},${result}`);\n          }",
              "async": 0,
              "sync": true,
              "_timeout": 150000,
              "_slow": 75,
              "_retries": -1,
              "timedOut": false,
              "_currentRetry": 0,
              "pending": false,
              "file": "/home/runner/work/vc-jose-cose-test-suite/vc-jose-cose-test-suite/tests/test-runner.js",
              "parent": "3MgFLVJ45Tn8a5ZJdyOQB",
              "ctx": null,
              "_testId": "urn:uuid:4daa1661-8430-424f-8472-46bbe0ec1bdc",
              "_events": {},
              "_eventsCount": 1,
              "timer": {
                "_idleTimeout": -1,
                "_idlePrev": null,
                "_idleNext": null,
                "_idleStart": 20622,
                "_onTimeout": null,
                "_repeat": null,
                "_destroyed": true
              },
              "cell": {
                "columnId": "Mavennet",
                "rowId": "6. JWT Basic Credential Verification"
              },
              "duration": 869,
              "state": "passed",
              "speed": "slow"
            },
            {
              "type": "test",
              "title": "7. JWT Presentation Verification",
              "body": "async function() {\n            if (!features[requiredFeature]) {\n              console.log(`Skipping test \"${testName}\" for ${name} due to missing feature: ${requiredFeature}`);\n              this.skip();\n              return;\n            }\n\n            console.log(`Running test: ${testName} for implementation: ${name}`);\n            await generateTestResults(name, testConfig);\n            this.test.cell = {columnId: name, rowId: testName};\n            const result = await checkTestResults(name, testConfig);\n            console.log(`Test result for ${name} - ${testName}: ${result}`);\n            should.equal(result, testConfig.expected_result);\n\n            // Log the test result in a format that matches the report generator's expectations\n            console.log(`Reporter data: ${this.test.cell.columnId},${this.test.cell.rowId},${result}`);\n          }",
              "async": 0,
              "sync": true,
              "_timeout": 150000,
              "_slow": 75,
              "_retries": -1,
              "timedOut": false,
              "_currentRetry": 0,
              "pending": false,
              "file": "/home/runner/work/vc-jose-cose-test-suite/vc-jose-cose-test-suite/tests/test-runner.js",
              "parent": "3MgFLVJ45Tn8a5ZJdyOQB",
              "ctx": null,
              "_testId": "urn:uuid:3d6cc92f-24f5-433d-a2cd-33976c998c10",
              "_events": {},
              "_eventsCount": 1,
              "timer": {
                "_idleTimeout": -1,
                "_idlePrev": null,
                "_idleNext": null,
                "_idleStart": 21496,
                "_onTimeout": null,
                "_repeat": null,
                "_destroyed": true
              },
              "cell": {
                "columnId": "Mavennet",
                "rowId": "7. JWT Presentation Verification"
              },
              "duration": 875,
              "state": "passed",
              "speed": "slow"
            },
            {
              "type": "test",
              "title": "8. JWT Issuer Match Verification",
              "body": "async function() {\n            if (!features[requiredFeature]) {\n              console.log(`Skipping test \"${testName}\" for ${name} due to missing feature: ${requiredFeature}`);\n              this.skip();\n              return;\n            }\n\n            console.log(`Running test: ${testName} for implementation: ${name}`);\n            await generateTestResults(name, testConfig);\n            this.test.cell = {columnId: name, rowId: testName};\n            const result = await checkTestResults(name, testConfig);\n            console.log(`Test result for ${name} - ${testName}: ${result}`);\n            should.equal(result, testConfig.expected_result);\n\n            // Log the test result in a format that matches the report generator's expectations\n            console.log(`Reporter data: ${this.test.cell.columnId},${this.test.cell.rowId},${result}`);\n          }",
              "async": 0,
              "sync": true,
              "_timeout": 150000,
              "_slow": 75,
              "_retries": -1,
              "timedOut": false,
              "_currentRetry": 0,
              "pending": false,
              "file": "/home/runner/work/vc-jose-cose-test-suite/vc-jose-cose-test-suite/tests/test-runner.js",
              "parent": "3MgFLVJ45Tn8a5ZJdyOQB",
              "ctx": null,
              "_testId": "urn:uuid:ba7fe5c2-f562-4780-b27e-adc57f430c51",
              "_events": {},
              "_eventsCount": 1,
              "timer": {
                "_idleTimeout": -1,
                "_idlePrev": null,
                "_idleNext": null,
                "_idleStart": 22362,
                "_onTimeout": null,
                "_repeat": null,
                "_destroyed": true
              },
              "cell": {
                "columnId": "Mavennet",
                "rowId": "8. JWT Issuer Match Verification"
              },
              "duration": 865,
              "state": "passed",
              "speed": "slow"
            },
            {
              "type": "test",
              "title": "9. JWT Verification With Unknown Extensions",
              "body": "async function() {\n            if (!features[requiredFeature]) {\n              console.log(`Skipping test \"${testName}\" for ${name} due to missing feature: ${requiredFeature}`);\n              this.skip();\n              return;\n            }\n\n            console.log(`Running test: ${testName} for implementation: ${name}`);\n            await generateTestResults(name, testConfig);\n            this.test.cell = {columnId: name, rowId: testName};\n            const result = await checkTestResults(name, testConfig);\n            console.log(`Test result for ${name} - ${testName}: ${result}`);\n            should.equal(result, testConfig.expected_result);\n\n            // Log the test result in a format that matches the report generator's expectations\n            console.log(`Reporter data: ${this.test.cell.columnId},${this.test.cell.rowId},${result}`);\n          }",
              "async": 0,
              "sync": true,
              "_timeout": 150000,
              "_slow": 75,
              "_retries": -1,
              "timedOut": false,
              "_currentRetry": 0,
              "pending": false,
              "file": "/home/runner/work/vc-jose-cose-test-suite/vc-jose-cose-test-suite/tests/test-runner.js",
              "parent": "3MgFLVJ45Tn8a5ZJdyOQB",
              "ctx": null,
              "_testId": "urn:uuid:f095dae2-97e4-43de-ac1f-5046962fb08d",
              "_events": {},
              "_eventsCount": 1,
              "timer": {
                "_idleTimeout": -1,
                "_idlePrev": null,
                "_idleNext": null,
                "_idleStart": 23220,
                "_onTimeout": null,
                "_repeat": null,
                "_destroyed": true
              },
              "cell": {
                "columnId": "Mavennet",
                "rowId": "9. JWT Verification With Unknown Extensions"
              },
              "duration": 858,
              "state": "passed",
              "speed": "slow"
            },
            {
              "type": "test",
              "title": "10. JWT Unsecured Credential Verification",
              "body": "async function() {\n            if (!features[requiredFeature]) {\n              console.log(`Skipping test \"${testName}\" for ${name} due to missing feature: ${requiredFeature}`);\n              this.skip();\n              return;\n            }\n\n            console.log(`Running test: ${testName} for implementation: ${name}`);\n            await generateTestResults(name, testConfig);\n            this.test.cell = {columnId: name, rowId: testName};\n            const result = await checkTestResults(name, testConfig);\n            console.log(`Test result for ${name} - ${testName}: ${result}`);\n            should.equal(result, testConfig.expected_result);\n\n            // Log the test result in a format that matches the report generator's expectations\n            console.log(`Reporter data: ${this.test.cell.columnId},${this.test.cell.rowId},${result}`);\n          }",
              "async": 0,
              "sync": true,
              "_timeout": 150000,
              "_slow": 75,
              "_retries": -1,
              "timedOut": false,
              "_currentRetry": 0,
              "pending": false,
              "file": "/home/runner/work/vc-jose-cose-test-suite/vc-jose-cose-test-suite/tests/test-runner.js",
              "parent": "3MgFLVJ45Tn8a5ZJdyOQB",
              "ctx": null,
              "_testId": "urn:uuid:1ea2553b-38d3-48d6-91be-74d00d2f9baf",
              "_events": {},
              "_eventsCount": 1,
              "timer": {
                "_idleTimeout": -1,
                "_idlePrev": null,
                "_idleNext": null,
                "_idleStart": 24080,
                "_onTimeout": null,
                "_repeat": null,
                "_destroyed": true
              },
              "cell": {
                "columnId": "Mavennet",
                "rowId": "10. JWT Unsecured Credential Verification"
              },
              "duration": 860,
              "state": "passed",
              "speed": "slow"
            },
            {
              "type": "test",
              "title": "11. JWT Unsecured Presentation Verification",
              "body": "async function() {\n            if (!features[requiredFeature]) {\n              console.log(`Skipping test \"${testName}\" for ${name} due to missing feature: ${requiredFeature}`);\n              this.skip();\n              return;\n            }\n\n            console.log(`Running test: ${testName} for implementation: ${name}`);\n            await generateTestResults(name, testConfig);\n            this.test.cell = {columnId: name, rowId: testName};\n            const result = await checkTestResults(name, testConfig);\n            console.log(`Test result for ${name} - ${testName}: ${result}`);\n            should.equal(result, testConfig.expected_result);\n\n            // Log the test result in a format that matches the report generator's expectations\n            console.log(`Reporter data: ${this.test.cell.columnId},${this.test.cell.rowId},${result}`);\n          }",
              "async": 0,
              "sync": true,
              "_timeout": 150000,
              "_slow": 75,
              "_retries": -1,
              "timedOut": false,
              "_currentRetry": 0,
              "pending": false,
              "file": "/home/runner/work/vc-jose-cose-test-suite/vc-jose-cose-test-suite/tests/test-runner.js",
              "parent": "3MgFLVJ45Tn8a5ZJdyOQB",
              "ctx": null,
              "_testId": "urn:uuid:aa0b530e-4ec7-4d58-a0da-0d1e07aed0c0",
              "_events": {},
              "_eventsCount": 1,
              "timer": {
                "_idleTimeout": -1,
                "_idlePrev": null,
                "_idleNext": null,
                "_idleStart": 24947,
                "_onTimeout": null,
                "_repeat": null,
                "_destroyed": true
              },
              "cell": {
                "columnId": "Mavennet",
                "rowId": "11. JWT Unsecured Presentation Verification"
              },
              "duration": 867,
              "state": "passed",
              "speed": "slow"
            },
            {
              "type": "test",
              "title": "12. JWT Credential with an Invalid Signature",
              "body": "async function() {\n            if (!features[requiredFeature]) {\n              console.log(`Skipping test \"${testName}\" for ${name} due to missing feature: ${requiredFeature}`);\n              this.skip();\n              return;\n            }\n\n            console.log(`Running test: ${testName} for implementation: ${name}`);\n            await generateTestResults(name, testConfig);\n            this.test.cell = {columnId: name, rowId: testName};\n            const result = await checkTestResults(name, testConfig);\n            console.log(`Test result for ${name} - ${testName}: ${result}`);\n            should.equal(result, testConfig.expected_result);\n\n            // Log the test result in a format that matches the report generator's expectations\n            console.log(`Reporter data: ${this.test.cell.columnId},${this.test.cell.rowId},${result}`);\n          }",
              "async": 0,
              "sync": true,
              "_timeout": 150000,
              "_slow": 75,
              "_retries": -1,
              "timedOut": false,
              "_currentRetry": 0,
              "pending": false,
              "file": "/home/runner/work/vc-jose-cose-test-suite/vc-jose-cose-test-suite/tests/test-runner.js",
              "parent": "3MgFLVJ45Tn8a5ZJdyOQB",
              "ctx": null,
              "_testId": "urn:uuid:168f18cd-57d1-4564-9522-8bb07f5f99b4",
              "_events": {},
              "_eventsCount": 1,
              "timer": {
                "_idleTimeout": -1,
                "_idlePrev": null,
                "_idleNext": null,
                "_idleStart": 25798,
                "_onTimeout": null,
                "_repeat": null,
                "_destroyed": true
              },
              "cell": {
                "columnId": "Mavennet",
                "rowId": "12. JWT Credential with an Invalid Signature"
              },
              "duration": 851,
              "state": "passed",
              "speed": "slow"
            },
            {
              "type": "test",
              "title": "13. JWT Credential with an Invalid Media Type",
              "body": "async function() {\n            if (!features[requiredFeature]) {\n              console.log(`Skipping test \"${testName}\" for ${name} due to missing feature: ${requiredFeature}`);\n              this.skip();\n              return;\n            }\n\n            console.log(`Running test: ${testName} for implementation: ${name}`);\n            await generateTestResults(name, testConfig);\n            this.test.cell = {columnId: name, rowId: testName};\n            const result = await checkTestResults(name, testConfig);\n            console.log(`Test result for ${name} - ${testName}: ${result}`);\n            should.equal(result, testConfig.expected_result);\n\n            // Log the test result in a format that matches the report generator's expectations\n            console.log(`Reporter data: ${this.test.cell.columnId},${this.test.cell.rowId},${result}`);\n          }",
              "async": 0,
              "sync": true,
              "_timeout": 150000,
              "_slow": 75,
              "_retries": -1,
              "timedOut": false,
              "_currentRetry": 0,
              "pending": false,
              "file": "/home/runner/work/vc-jose-cose-test-suite/vc-jose-cose-test-suite/tests/test-runner.js",
              "parent": "3MgFLVJ45Tn8a5ZJdyOQB",
              "ctx": null,
              "_testId": "urn:uuid:8e1f4bce-b046-4820-9628-9f5a1eca9aac",
              "_events": {},
              "_eventsCount": 1,
              "timer": {
                "_idleTimeout": -1,
                "_idlePrev": null,
                "_idleNext": null,
                "_idleStart": 26650,
                "_onTimeout": null,
                "_repeat": null,
                "_destroyed": true
              },
              "cell": {
                "columnId": "Mavennet",
                "rowId": "13. JWT Credential with an Invalid Media Type"
              },
              "duration": 852,
              "state": "passed",
              "speed": "slow"
            },
            {
              "type": "test",
              "title": "14. JWT Presentation with an Invalid Media Type",
              "body": "async function() {\n            if (!features[requiredFeature]) {\n              console.log(`Skipping test \"${testName}\" for ${name} due to missing feature: ${requiredFeature}`);\n              this.skip();\n              return;\n            }\n\n            console.log(`Running test: ${testName} for implementation: ${name}`);\n            await generateTestResults(name, testConfig);\n            this.test.cell = {columnId: name, rowId: testName};\n            const result = await checkTestResults(name, testConfig);\n            console.log(`Test result for ${name} - ${testName}: ${result}`);\n            should.equal(result, testConfig.expected_result);\n\n            // Log the test result in a format that matches the report generator's expectations\n            console.log(`Reporter data: ${this.test.cell.columnId},${this.test.cell.rowId},${result}`);\n          }",
              "async": 0,
              "sync": true,
              "_timeout": 150000,
              "_slow": 75,
              "_retries": -1,
              "timedOut": false,
              "_currentRetry": 0,
              "pending": false,
              "file": "/home/runner/work/vc-jose-cose-test-suite/vc-jose-cose-test-suite/tests/test-runner.js",
              "parent": "3MgFLVJ45Tn8a5ZJdyOQB",
              "ctx": null,
              "_testId": "urn:uuid:a2cf1420-5509-47ca-b8c6-f763020e31b1",
              "_events": {},
              "_eventsCount": 1,
              "timer": {
                "_idleTimeout": -1,
                "_idlePrev": null,
                "_idleNext": null,
                "_idleStart": 27500,
                "_onTimeout": null,
                "_repeat": null,
                "_destroyed": true
              },
              "cell": {
                "columnId": "Mavennet",
                "rowId": "14. JWT Presentation with an Invalid Media Type"
              },
              "duration": 851,
              "state": "passed",
              "speed": "slow"
            },
            {
              "type": "test",
              "title": "15. JWT Credential with vc and/or vp Claims",
              "body": "async function() {\n            if (!features[requiredFeature]) {\n              console.log(`Skipping test \"${testName}\" for ${name} due to missing feature: ${requiredFeature}`);\n              this.skip();\n              return;\n            }\n\n            console.log(`Running test: ${testName} for implementation: ${name}`);\n            await generateTestResults(name, testConfig);\n            this.test.cell = {columnId: name, rowId: testName};\n            const result = await checkTestResults(name, testConfig);\n            console.log(`Test result for ${name} - ${testName}: ${result}`);\n            should.equal(result, testConfig.expected_result);\n\n            // Log the test result in a format that matches the report generator's expectations\n            console.log(`Reporter data: ${this.test.cell.columnId},${this.test.cell.rowId},${result}`);\n          }",
              "async": 0,
              "sync": true,
              "_timeout": 150000,
              "_slow": 75,
              "_retries": -1,
              "timedOut": false,
              "_currentRetry": 0,
              "pending": false,
              "file": "/home/runner/work/vc-jose-cose-test-suite/vc-jose-cose-test-suite/tests/test-runner.js",
              "parent": "3MgFLVJ45Tn8a5ZJdyOQB",
              "ctx": null,
              "_testId": "urn:uuid:16345a24-b0fe-47a6-8f8e-c5101138270c",
              "_events": {},
              "_eventsCount": 1,
              "timer": {
                "_idleTimeout": -1,
                "_idlePrev": null,
                "_idleNext": null,
                "_idleStart": 28371,
                "_onTimeout": null,
                "_repeat": null,
                "_destroyed": true
              },
              "cell": {
                "columnId": "Mavennet",
                "rowId": "15. JWT Credential with vc and/or vp Claims"
              },
              "duration": 871,
              "state": "passed",
              "speed": "slow"
            },
            {
              "type": "test",
              "title": "16. JWT Presentation with Invalid Credential",
              "body": "async function() {\n            if (!features[requiredFeature]) {\n              console.log(`Skipping test \"${testName}\" for ${name} due to missing feature: ${requiredFeature}`);\n              this.skip();\n              return;\n            }\n\n            console.log(`Running test: ${testName} for implementation: ${name}`);\n            await generateTestResults(name, testConfig);\n            this.test.cell = {columnId: name, rowId: testName};\n            const result = await checkTestResults(name, testConfig);\n            console.log(`Test result for ${name} - ${testName}: ${result}`);\n            should.equal(result, testConfig.expected_result);\n\n            // Log the test result in a format that matches the report generator's expectations\n            console.log(`Reporter data: ${this.test.cell.columnId},${this.test.cell.rowId},${result}`);\n          }",
              "async": 0,
              "sync": true,
              "_timeout": 150000,
              "_slow": 75,
              "_retries": -1,
              "timedOut": false,
              "_currentRetry": 0,
              "pending": false,
              "file": "/home/runner/work/vc-jose-cose-test-suite/vc-jose-cose-test-suite/tests/test-runner.js",
              "parent": "3MgFLVJ45Tn8a5ZJdyOQB",
              "ctx": null,
              "_testId": "urn:uuid:9c9c1769-3743-484c-b4bc-615b9865bbbf",
              "_events": {},
              "_eventsCount": 1,
              "timer": {
                "_idleTimeout": -1,
                "_idlePrev": null,
                "_idleNext": null,
                "_idleStart": 29242,
                "_onTimeout": null,
                "_repeat": null,
                "_destroyed": true
              },
              "cell": {
                "columnId": "Mavennet",
                "rowId": "16. JWT Presentation with Invalid Credential"
              },
              "duration": 870,
              "state": "passed",
              "speed": "slow"
            }
          ],
          "root": false,
          "pending": false,
          "_retries": -1,
          "_beforeEach": [],
          "_beforeAll": [],
          "_afterEach": [],
          "_afterAll": [],
          "_timeout": 150000,
          "_slow": 75,
          "_bail": false,
          "_onlyTests": [],
          "_onlySuites": [],
          "delayed": false,
          "parent": "Oi1UEN_wWn9cVA9wumYsQ",
          "file": "/home/runner/work/vc-jose-cose-test-suite/vc-jose-cose-test-suite/tests/test-runner.js",
          "_testId": "urn:uuid:23ee5b32-8ce8-406d-b0ce-41e458a8d456"
        },
        {
          "title": "Tradeverifyd",
          "ctx": null,
          "suites": [],
          "tests": [
            {
              "type": "test",
              "title": "1. JWT Basic Credential Issuance",
              "body": "async function() {\n            if (!features[requiredFeature]) {\n              console.log(`Skipping test \"${testName}\" for ${name} due to missing feature: ${requiredFeature}`);\n              this.skip();\n              return;\n            }\n\n            console.log(`Running test: ${testName} for implementation: ${name}`);\n            await generateTestResults(name, testConfig);\n            this.test.cell = {columnId: name, rowId: testName};\n            const result = await checkTestResults(name, testConfig);\n            console.log(`Test result for ${name} - ${testName}: ${result}`);\n            should.equal(result, testConfig.expected_result);\n\n            // Log the test result in a format that matches the report generator's expectations\n            console.log(`Reporter data: ${this.test.cell.columnId},${this.test.cell.rowId},${result}`);\n          }",
              "async": 0,
              "sync": true,
              "_timeout": 150000,
              "_slow": 75,
              "_retries": -1,
              "timedOut": false,
              "_currentRetry": 0,
              "pending": false,
              "file": "/home/runner/work/vc-jose-cose-test-suite/vc-jose-cose-test-suite/tests/test-runner.js",
              "parent": "JpP_yB61NxBrZtQm0ZAXy",
              "ctx": null,
              "_testId": "urn:uuid:d78f7d73-56b0-4066-9bad-712f7ea4b60a",
              "_events": {},
              "_eventsCount": 1,
              "timer": {
                "_idleTimeout": -1,
                "_idlePrev": null,
                "_idleNext": null,
                "_idleStart": 33668,
                "_onTimeout": null,
                "_repeat": null,
                "_destroyed": true
              },
              "cell": {
                "columnId": "Tradeverifyd",
                "rowId": "1. JWT Basic Credential Issuance"
              },
              "duration": 4425,
              "state": "passed",
              "speed": "slow"
            },
            {
              "type": "test",
              "title": "2. JWT Credential Issuance with All Optional Fields",
              "body": "async function() {\n            if (!features[requiredFeature]) {\n              console.log(`Skipping test \"${testName}\" for ${name} due to missing feature: ${requiredFeature}`);\n              this.skip();\n              return;\n            }\n\n            console.log(`Running test: ${testName} for implementation: ${name}`);\n            await generateTestResults(name, testConfig);\n            this.test.cell = {columnId: name, rowId: testName};\n            const result = await checkTestResults(name, testConfig);\n            console.log(`Test result for ${name} - ${testName}: ${result}`);\n            should.equal(result, testConfig.expected_result);\n\n            // Log the test result in a format that matches the report generator's expectations\n            console.log(`Reporter data: ${this.test.cell.columnId},${this.test.cell.rowId},${result}`);\n          }",
              "async": 0,
              "sync": true,
              "_timeout": 150000,
              "_slow": 75,
              "_retries": -1,
              "timedOut": false,
              "_currentRetry": 0,
              "pending": false,
              "file": "/home/runner/work/vc-jose-cose-test-suite/vc-jose-cose-test-suite/tests/test-runner.js",
              "parent": "JpP_yB61NxBrZtQm0ZAXy",
              "ctx": null,
              "_testId": "urn:uuid:76318c19-e14a-4dae-b0c5-8f82e093a2a6",
              "_events": {},
              "_eventsCount": 1,
              "timer": {
                "_idleTimeout": -1,
                "_idlePrev": null,
                "_idleNext": null,
                "_idleStart": 34846,
                "_onTimeout": null,
                "_repeat": null,
                "_destroyed": true
              },
              "cell": {
                "columnId": "Tradeverifyd",
                "rowId": "2. JWT Credential Issuance with All Optional Fields"
              },
              "duration": 1178,
              "state": "passed",
              "speed": "slow"
            },
            {
              "type": "test",
              "title": "3. JWT Basic Presentation Issuance",
              "body": "async function() {\n            if (!features[requiredFeature]) {\n              console.log(`Skipping test \"${testName}\" for ${name} due to missing feature: ${requiredFeature}`);\n              this.skip();\n              return;\n            }\n\n            console.log(`Running test: ${testName} for implementation: ${name}`);\n            await generateTestResults(name, testConfig);\n            this.test.cell = {columnId: name, rowId: testName};\n            const result = await checkTestResults(name, testConfig);\n            console.log(`Test result for ${name} - ${testName}: ${result}`);\n            should.equal(result, testConfig.expected_result);\n\n            // Log the test result in a format that matches the report generator's expectations\n            console.log(`Reporter data: ${this.test.cell.columnId},${this.test.cell.rowId},${result}`);\n          }",
              "async": 0,
              "sync": true,
              "_timeout": 150000,
              "_slow": 75,
              "_retries": -1,
              "timedOut": false,
              "_currentRetry": 0,
              "pending": false,
              "file": "/home/runner/work/vc-jose-cose-test-suite/vc-jose-cose-test-suite/tests/test-runner.js",
              "parent": "JpP_yB61NxBrZtQm0ZAXy",
              "ctx": null,
              "_testId": "urn:uuid:158a633e-9113-4fd1-88d0-4d20a46308b0",
              "_events": {},
              "_eventsCount": 1,
              "timer": {
                "_idleTimeout": -1,
                "_idlePrev": null,
                "_idleNext": null,
                "_idleStart": 36011,
                "_onTimeout": null,
                "_repeat": null,
                "_destroyed": true
              },
              "cell": {
                "columnId": "Tradeverifyd",
                "rowId": "3. JWT Basic Presentation Issuance"
              },
              "duration": 1165,
              "state": "passed",
              "speed": "slow"
            },
            {
              "type": "test",
              "title": "4. JWT Complex Presentation Issuance",
              "body": "async function() {\n            if (!features[requiredFeature]) {\n              console.log(`Skipping test \"${testName}\" for ${name} due to missing feature: ${requiredFeature}`);\n              this.skip();\n              return;\n            }\n\n            console.log(`Running test: ${testName} for implementation: ${name}`);\n            await generateTestResults(name, testConfig);\n            this.test.cell = {columnId: name, rowId: testName};\n            const result = await checkTestResults(name, testConfig);\n            console.log(`Test result for ${name} - ${testName}: ${result}`);\n            should.equal(result, testConfig.expected_result);\n\n            // Log the test result in a format that matches the report generator's expectations\n            console.log(`Reporter data: ${this.test.cell.columnId},${this.test.cell.rowId},${result}`);\n          }",
              "async": 0,
              "sync": true,
              "_timeout": 150000,
              "_slow": 75,
              "_retries": -1,
              "timedOut": false,
              "_currentRetry": 0,
              "pending": false,
              "file": "/home/runner/work/vc-jose-cose-test-suite/vc-jose-cose-test-suite/tests/test-runner.js",
              "parent": "JpP_yB61NxBrZtQm0ZAXy",
              "ctx": null,
              "_testId": "urn:uuid:21a60ada-4ca2-4cf6-8749-7cab5e121a9c",
              "_events": {},
              "_eventsCount": 1,
              "timer": {
                "_idleTimeout": -1,
                "_idlePrev": null,
                "_idleNext": null,
                "_idleStart": 37208,
                "_onTimeout": null,
                "_repeat": null,
                "_destroyed": true
              },
              "cell": {
                "columnId": "Tradeverifyd",
                "rowId": "4. JWT Complex Presentation Issuance"
              },
              "duration": 1197,
              "state": "passed",
              "speed": "slow"
            },
            {
              "type": "test",
              "title": "5. JWT Issuance with Unknown Extensions",
              "body": "async function() {\n            if (!features[requiredFeature]) {\n              console.log(`Skipping test \"${testName}\" for ${name} due to missing feature: ${requiredFeature}`);\n              this.skip();\n              return;\n            }\n\n            console.log(`Running test: ${testName} for implementation: ${name}`);\n            await generateTestResults(name, testConfig);\n            this.test.cell = {columnId: name, rowId: testName};\n            const result = await checkTestResults(name, testConfig);\n            console.log(`Test result for ${name} - ${testName}: ${result}`);\n            should.equal(result, testConfig.expected_result);\n\n            // Log the test result in a format that matches the report generator's expectations\n            console.log(`Reporter data: ${this.test.cell.columnId},${this.test.cell.rowId},${result}`);\n          }",
              "async": 0,
              "sync": true,
              "_timeout": 150000,
              "_slow": 75,
              "_retries": -1,
              "timedOut": false,
              "_currentRetry": 0,
              "pending": false,
              "file": "/home/runner/work/vc-jose-cose-test-suite/vc-jose-cose-test-suite/tests/test-runner.js",
              "parent": "JpP_yB61NxBrZtQm0ZAXy",
              "ctx": null,
              "_testId": "urn:uuid:d53737aa-7a34-425f-b7e7-97bfec2d4936",
              "_events": {},
              "_eventsCount": 1,
              "timer": {
                "_idleTimeout": -1,
                "_idlePrev": null,
                "_idleNext": null,
                "_idleStart": 38385,
                "_onTimeout": null,
                "_repeat": null,
                "_destroyed": true
              },
              "cell": {
                "columnId": "Tradeverifyd",
                "rowId": "5. JWT Issuance with Unknown Extensions"
              },
              "duration": 1177,
              "state": "passed",
              "speed": "slow"
            },
            {
              "type": "test",
              "title": "6. JWT Basic Credential Verification",
              "body": "async function() {\n            if (!features[requiredFeature]) {\n              console.log(`Skipping test \"${testName}\" for ${name} due to missing feature: ${requiredFeature}`);\n              this.skip();\n              return;\n            }\n\n            console.log(`Running test: ${testName} for implementation: ${name}`);\n            await generateTestResults(name, testConfig);\n            this.test.cell = {columnId: name, rowId: testName};\n            const result = await checkTestResults(name, testConfig);\n            console.log(`Test result for ${name} - ${testName}: ${result}`);\n            should.equal(result, testConfig.expected_result);\n\n            // Log the test result in a format that matches the report generator's expectations\n            console.log(`Reporter data: ${this.test.cell.columnId},${this.test.cell.rowId},${result}`);\n          }",
              "async": 0,
              "sync": true,
              "_timeout": 150000,
              "_slow": 75,
              "_retries": -1,
              "timedOut": false,
              "_currentRetry": 0,
              "pending": false,
              "file": "/home/runner/work/vc-jose-cose-test-suite/vc-jose-cose-test-suite/tests/test-runner.js",
              "parent": "JpP_yB61NxBrZtQm0ZAXy",
              "ctx": null,
              "_testId": "urn:uuid:24f4cd60-29a1-4d4a-a749-bfec52be93cf",
              "_events": {},
              "_eventsCount": 1,
              "timer": {
                "_idleTimeout": -1,
                "_idlePrev": null,
                "_idleNext": null,
                "_idleStart": 39557,
                "_onTimeout": null,
                "_repeat": null,
                "_destroyed": true
              },
              "cell": {
                "columnId": "Tradeverifyd",
                "rowId": "6. JWT Basic Credential Verification"
              },
              "duration": 1172,
              "state": "passed",
              "speed": "slow"
            },
            {
              "type": "test",
              "title": "7. JWT Presentation Verification",
              "body": "async function() {\n            if (!features[requiredFeature]) {\n              console.log(`Skipping test \"${testName}\" for ${name} due to missing feature: ${requiredFeature}`);\n              this.skip();\n              return;\n            }\n\n            console.log(`Running test: ${testName} for implementation: ${name}`);\n            await generateTestResults(name, testConfig);\n            this.test.cell = {columnId: name, rowId: testName};\n            const result = await checkTestResults(name, testConfig);\n            console.log(`Test result for ${name} - ${testName}: ${result}`);\n            should.equal(result, testConfig.expected_result);\n\n            // Log the test result in a format that matches the report generator's expectations\n            console.log(`Reporter data: ${this.test.cell.columnId},${this.test.cell.rowId},${result}`);\n          }",
              "async": 0,
              "sync": true,
              "_timeout": 150000,
              "_slow": 75,
              "_retries": -1,
              "timedOut": false,
              "_currentRetry": 0,
              "pending": false,
              "file": "/home/runner/work/vc-jose-cose-test-suite/vc-jose-cose-test-suite/tests/test-runner.js",
              "parent": "JpP_yB61NxBrZtQm0ZAXy",
              "ctx": null,
              "_testId": "urn:uuid:db10a916-15f5-4809-8cc8-106dbd012307",
              "_events": {},
              "_eventsCount": 1,
              "timer": {
                "_idleTimeout": -1,
                "_idlePrev": null,
                "_idleNext": null,
                "_idleStart": 40728,
                "_onTimeout": null,
                "_repeat": null,
                "_destroyed": true
              },
              "cell": {
                "columnId": "Tradeverifyd",
                "rowId": "7. JWT Presentation Verification"
              },
              "duration": 1171,
              "state": "passed",
              "speed": "slow"
            },
            {
              "type": "test",
              "title": "8. JWT Issuer Match Verification",
              "body": "async function() {\n            if (!features[requiredFeature]) {\n              console.log(`Skipping test \"${testName}\" for ${name} due to missing feature: ${requiredFeature}`);\n              this.skip();\n              return;\n            }\n\n            console.log(`Running test: ${testName} for implementation: ${name}`);\n            await generateTestResults(name, testConfig);\n            this.test.cell = {columnId: name, rowId: testName};\n            const result = await checkTestResults(name, testConfig);\n            console.log(`Test result for ${name} - ${testName}: ${result}`);\n            should.equal(result, testConfig.expected_result);\n\n            // Log the test result in a format that matches the report generator's expectations\n            console.log(`Reporter data: ${this.test.cell.columnId},${this.test.cell.rowId},${result}`);\n          }",
              "async": 0,
              "sync": true,
              "_timeout": 150000,
              "_slow": 75,
              "_retries": -1,
              "timedOut": false,
              "_currentRetry": 0,
              "pending": false,
              "file": "/home/runner/work/vc-jose-cose-test-suite/vc-jose-cose-test-suite/tests/test-runner.js",
              "parent": "JpP_yB61NxBrZtQm0ZAXy",
              "ctx": null,
              "_testId": "urn:uuid:bf062744-a87b-478c-9991-e937b4e1c7a7",
              "_events": {},
              "_eventsCount": 1,
              "timer": {
                "_idleTimeout": -1,
                "_idlePrev": null,
                "_idleNext": null,
                "_idleStart": 41912,
                "_onTimeout": null,
                "_repeat": null,
                "_destroyed": true
              },
              "cell": {
                "columnId": "Tradeverifyd",
                "rowId": "8. JWT Issuer Match Verification"
              },
              "duration": 1184,
              "state": "passed",
              "speed": "slow"
            },
            {
              "type": "test",
              "title": "9. JWT Verification With Unknown Extensions",
              "body": "async function() {\n            if (!features[requiredFeature]) {\n              console.log(`Skipping test \"${testName}\" for ${name} due to missing feature: ${requiredFeature}`);\n              this.skip();\n              return;\n            }\n\n            console.log(`Running test: ${testName} for implementation: ${name}`);\n            await generateTestResults(name, testConfig);\n            this.test.cell = {columnId: name, rowId: testName};\n            const result = await checkTestResults(name, testConfig);\n            console.log(`Test result for ${name} - ${testName}: ${result}`);\n            should.equal(result, testConfig.expected_result);\n\n            // Log the test result in a format that matches the report generator's expectations\n            console.log(`Reporter data: ${this.test.cell.columnId},${this.test.cell.rowId},${result}`);\n          }",
              "async": 0,
              "sync": true,
              "_timeout": 150000,
              "_slow": 75,
              "_retries": -1,
              "timedOut": false,
              "_currentRetry": 0,
              "pending": false,
              "file": "/home/runner/work/vc-jose-cose-test-suite/vc-jose-cose-test-suite/tests/test-runner.js",
              "parent": "JpP_yB61NxBrZtQm0ZAXy",
              "ctx": null,
              "_testId": "urn:uuid:4718b403-ad21-40f2-b12a-04b8b40349b0",
              "_events": {},
              "_eventsCount": 1,
              "timer": {
                "_idleTimeout": -1,
                "_idlePrev": null,
                "_idleNext": null,
                "_idleStart": 43084,
                "_onTimeout": null,
                "_repeat": null,
                "_destroyed": true
              },
              "cell": {
                "columnId": "Tradeverifyd",
                "rowId": "9. JWT Verification With Unknown Extensions"
              },
              "duration": 1172,
              "state": "passed",
              "speed": "slow"
            },
            {
              "type": "test",
              "title": "10. JWT Unsecured Credential Verification",
              "body": "async function() {\n            if (!features[requiredFeature]) {\n              console.log(`Skipping test \"${testName}\" for ${name} due to missing feature: ${requiredFeature}`);\n              this.skip();\n              return;\n            }\n\n            console.log(`Running test: ${testName} for implementation: ${name}`);\n            await generateTestResults(name, testConfig);\n            this.test.cell = {columnId: name, rowId: testName};\n            const result = await checkTestResults(name, testConfig);\n            console.log(`Test result for ${name} - ${testName}: ${result}`);\n            should.equal(result, testConfig.expected_result);\n\n            // Log the test result in a format that matches the report generator's expectations\n            console.log(`Reporter data: ${this.test.cell.columnId},${this.test.cell.rowId},${result}`);\n          }",
              "async": 0,
              "sync": true,
              "_timeout": 150000,
              "_slow": 75,
              "_retries": -1,
              "timedOut": false,
              "_currentRetry": 0,
              "pending": false,
              "file": "/home/runner/work/vc-jose-cose-test-suite/vc-jose-cose-test-suite/tests/test-runner.js",
              "parent": "JpP_yB61NxBrZtQm0ZAXy",
              "ctx": null,
              "_testId": "urn:uuid:a4887bf6-9ac4-47dd-861c-98f575e24fe3",
              "_events": {},
              "_eventsCount": 1,
              "timer": {
                "_idleTimeout": -1,
                "_idlePrev": null,
                "_idleNext": null,
                "_idleStart": 44259,
                "_onTimeout": null,
                "_repeat": null,
                "_destroyed": true
              },
              "cell": {
                "columnId": "Tradeverifyd",
                "rowId": "10. JWT Unsecured Credential Verification"
              },
              "duration": 1175,
              "state": "passed",
              "speed": "slow"
            },
            {
              "type": "test",
              "title": "11. JWT Unsecured Presentation Verification",
              "body": "async function() {\n            if (!features[requiredFeature]) {\n              console.log(`Skipping test \"${testName}\" for ${name} due to missing feature: ${requiredFeature}`);\n              this.skip();\n              return;\n            }\n\n            console.log(`Running test: ${testName} for implementation: ${name}`);\n            await generateTestResults(name, testConfig);\n            this.test.cell = {columnId: name, rowId: testName};\n            const result = await checkTestResults(name, testConfig);\n            console.log(`Test result for ${name} - ${testName}: ${result}`);\n            should.equal(result, testConfig.expected_result);\n\n            // Log the test result in a format that matches the report generator's expectations\n            console.log(`Reporter data: ${this.test.cell.columnId},${this.test.cell.rowId},${result}`);\n          }",
              "async": 0,
              "sync": true,
              "_timeout": 150000,
              "_slow": 75,
              "_retries": -1,
              "timedOut": false,
              "_currentRetry": 0,
              "pending": false,
              "file": "/home/runner/work/vc-jose-cose-test-suite/vc-jose-cose-test-suite/tests/test-runner.js",
              "parent": "JpP_yB61NxBrZtQm0ZAXy",
              "ctx": null,
              "_testId": "urn:uuid:328d4ab6-b7ec-412f-8a0f-9350f5eb6003",
              "_events": {},
              "_eventsCount": 1,
              "timer": {
                "_idleTimeout": -1,
                "_idlePrev": null,
                "_idleNext": null,
                "_idleStart": 45426,
                "_onTimeout": null,
                "_repeat": null,
                "_destroyed": true
              },
              "cell": {
                "columnId": "Tradeverifyd",
                "rowId": "11. JWT Unsecured Presentation Verification"
              },
              "duration": 1167,
              "state": "passed",
              "speed": "slow"
            },
            {
              "type": "test",
              "title": "12. JWT Credential with an Invalid Signature",
              "body": "async function() {\n            if (!features[requiredFeature]) {\n              console.log(`Skipping test \"${testName}\" for ${name} due to missing feature: ${requiredFeature}`);\n              this.skip();\n              return;\n            }\n\n            console.log(`Running test: ${testName} for implementation: ${name}`);\n            await generateTestResults(name, testConfig);\n            this.test.cell = {columnId: name, rowId: testName};\n            const result = await checkTestResults(name, testConfig);\n            console.log(`Test result for ${name} - ${testName}: ${result}`);\n            should.equal(result, testConfig.expected_result);\n\n            // Log the test result in a format that matches the report generator's expectations\n            console.log(`Reporter data: ${this.test.cell.columnId},${this.test.cell.rowId},${result}`);\n          }",
              "async": 0,
              "sync": true,
              "_timeout": 150000,
              "_slow": 75,
              "_retries": -1,
              "timedOut": false,
              "_currentRetry": 0,
              "pending": false,
              "file": "/home/runner/work/vc-jose-cose-test-suite/vc-jose-cose-test-suite/tests/test-runner.js",
              "parent": "JpP_yB61NxBrZtQm0ZAXy",
              "ctx": null,
              "_testId": "urn:uuid:83d46e2a-7443-475a-b2df-987279ae061d",
              "_events": {},
              "_eventsCount": 1,
              "timer": {
                "_idleTimeout": -1,
                "_idlePrev": null,
                "_idleNext": null,
                "_idleStart": 46600,
                "_onTimeout": null,
                "_repeat": null,
                "_destroyed": true
              },
              "cell": {
                "columnId": "Tradeverifyd",
                "rowId": "12. JWT Credential with an Invalid Signature"
              },
              "duration": 1174,
              "state": "passed",
              "speed": "slow"
            },
            {
              "type": "test",
              "title": "13. JWT Credential with an Invalid Media Type",
              "body": "async function() {\n            if (!features[requiredFeature]) {\n              console.log(`Skipping test \"${testName}\" for ${name} due to missing feature: ${requiredFeature}`);\n              this.skip();\n              return;\n            }\n\n            console.log(`Running test: ${testName} for implementation: ${name}`);\n            await generateTestResults(name, testConfig);\n            this.test.cell = {columnId: name, rowId: testName};\n            const result = await checkTestResults(name, testConfig);\n            console.log(`Test result for ${name} - ${testName}: ${result}`);\n            should.equal(result, testConfig.expected_result);\n\n            // Log the test result in a format that matches the report generator's expectations\n            console.log(`Reporter data: ${this.test.cell.columnId},${this.test.cell.rowId},${result}`);\n          }",
              "async": 0,
              "sync": true,
              "_timeout": 150000,
              "_slow": 75,
              "_retries": -1,
              "timedOut": false,
              "_currentRetry": 0,
              "pending": false,
              "file": "/home/runner/work/vc-jose-cose-test-suite/vc-jose-cose-test-suite/tests/test-runner.js",
              "parent": "JpP_yB61NxBrZtQm0ZAXy",
              "ctx": null,
              "_testId": "urn:uuid:e6ca6f36-f6d4-4f02-b59b-68eefc3de230",
              "_events": {},
              "_eventsCount": 1,
              "timer": {
                "_idleTimeout": -1,
                "_idlePrev": null,
                "_idleNext": null,
                "_idleStart": 47772,
                "_onTimeout": null,
                "_repeat": null,
                "_destroyed": true
              },
              "cell": {
                "columnId": "Tradeverifyd",
                "rowId": "13. JWT Credential with an Invalid Media Type"
              },
              "duration": 1172,
              "state": "passed",
              "speed": "slow"
            },
            {
              "type": "test",
              "title": "14. JWT Presentation with an Invalid Media Type",
              "body": "async function() {\n            if (!features[requiredFeature]) {\n              console.log(`Skipping test \"${testName}\" for ${name} due to missing feature: ${requiredFeature}`);\n              this.skip();\n              return;\n            }\n\n            console.log(`Running test: ${testName} for implementation: ${name}`);\n            await generateTestResults(name, testConfig);\n            this.test.cell = {columnId: name, rowId: testName};\n            const result = await checkTestResults(name, testConfig);\n            console.log(`Test result for ${name} - ${testName}: ${result}`);\n            should.equal(result, testConfig.expected_result);\n\n            // Log the test result in a format that matches the report generator's expectations\n            console.log(`Reporter data: ${this.test.cell.columnId},${this.test.cell.rowId},${result}`);\n          }",
              "async": 0,
              "sync": true,
              "_timeout": 150000,
              "_slow": 75,
              "_retries": -1,
              "timedOut": false,
              "_currentRetry": 0,
              "pending": false,
              "file": "/home/runner/work/vc-jose-cose-test-suite/vc-jose-cose-test-suite/tests/test-runner.js",
              "parent": "JpP_yB61NxBrZtQm0ZAXy",
              "ctx": null,
              "_testId": "urn:uuid:28746041-780e-474b-888b-6b03813af1d3",
              "_events": {},
              "_eventsCount": 1,
              "timer": {
                "_idleTimeout": -1,
                "_idlePrev": null,
                "_idleNext": null,
                "_idleStart": 48949,
                "_onTimeout": null,
                "_repeat": null,
                "_destroyed": true
              },
              "cell": {
                "columnId": "Tradeverifyd",
                "rowId": "14. JWT Presentation with an Invalid Media Type"
              },
              "duration": 1178,
              "state": "passed",
              "speed": "slow"
            },
            {
              "type": "test",
              "title": "15. JWT Credential with vc and/or vp Claims",
              "body": "async function() {\n            if (!features[requiredFeature]) {\n              console.log(`Skipping test \"${testName}\" for ${name} due to missing feature: ${requiredFeature}`);\n              this.skip();\n              return;\n            }\n\n            console.log(`Running test: ${testName} for implementation: ${name}`);\n            await generateTestResults(name, testConfig);\n            this.test.cell = {columnId: name, rowId: testName};\n            const result = await checkTestResults(name, testConfig);\n            console.log(`Test result for ${name} - ${testName}: ${result}`);\n            should.equal(result, testConfig.expected_result);\n\n            // Log the test result in a format that matches the report generator's expectations\n            console.log(`Reporter data: ${this.test.cell.columnId},${this.test.cell.rowId},${result}`);\n          }",
              "async": 0,
              "sync": true,
              "_timeout": 150000,
              "_slow": 75,
              "_retries": -1,
              "timedOut": false,
              "_currentRetry": 0,
              "pending": false,
              "file": "/home/runner/work/vc-jose-cose-test-suite/vc-jose-cose-test-suite/tests/test-runner.js",
              "parent": "JpP_yB61NxBrZtQm0ZAXy",
              "ctx": null,
              "_testId": "urn:uuid:ea1d8f55-de19-4e7f-bcdf-341678611f60",
              "_events": {},
              "_eventsCount": 1,
              "timer": {
                "_idleTimeout": -1,
                "_idlePrev": null,
                "_idleNext": null,
                "_idleStart": 50128,
                "_onTimeout": null,
                "_repeat": null,
                "_destroyed": true
              },
              "cell": {
                "columnId": "Tradeverifyd",
                "rowId": "15. JWT Credential with vc and/or vp Claims"
              },
              "duration": 1179,
              "state": "passed",
              "speed": "slow"
            },
            {
              "type": "test",
              "title": "16. JWT Presentation with Invalid Credential",
              "body": "async function() {\n            if (!features[requiredFeature]) {\n              console.log(`Skipping test \"${testName}\" for ${name} due to missing feature: ${requiredFeature}`);\n              this.skip();\n              return;\n            }\n\n            console.log(`Running test: ${testName} for implementation: ${name}`);\n            await generateTestResults(name, testConfig);\n            this.test.cell = {columnId: name, rowId: testName};\n            const result = await checkTestResults(name, testConfig);\n            console.log(`Test result for ${name} - ${testName}: ${result}`);\n            should.equal(result, testConfig.expected_result);\n\n            // Log the test result in a format that matches the report generator's expectations\n            console.log(`Reporter data: ${this.test.cell.columnId},${this.test.cell.rowId},${result}`);\n          }",
              "async": 0,
              "sync": true,
              "_timeout": 150000,
              "_slow": 75,
              "_retries": -1,
              "timedOut": false,
              "_currentRetry": 0,
              "pending": false,
              "file": "/home/runner/work/vc-jose-cose-test-suite/vc-jose-cose-test-suite/tests/test-runner.js",
              "parent": "JpP_yB61NxBrZtQm0ZAXy",
              "ctx": null,
              "_testId": "urn:uuid:d1cbd0f6-d093-412e-800d-9f20571dd515",
              "_events": {},
              "_eventsCount": 1,
              "timer": {
                "_idleTimeout": -1,
                "_idlePrev": null,
                "_idleNext": null,
                "_idleStart": 51306,
                "_onTimeout": null,
                "_repeat": null,
                "_destroyed": true
              },
              "cell": {
                "columnId": "Tradeverifyd",
                "rowId": "16. JWT Presentation with Invalid Credential"
              },
              "duration": 1177,
              "state": "passed",
              "speed": "slow"
            }
          ],
          "root": false,
          "pending": false,
          "_retries": -1,
          "_beforeEach": [],
          "_beforeAll": [],
          "_afterEach": [],
          "_afterAll": [],
          "_timeout": 150000,
          "_slow": 75,
          "_bail": false,
          "_onlyTests": [],
          "_onlySuites": [],
          "delayed": false,
          "parent": "Oi1UEN_wWn9cVA9wumYsQ",
          "file": "/home/runner/work/vc-jose-cose-test-suite/vc-jose-cose-test-suite/tests/test-runner.js",
          "_testId": "urn:uuid:7c5d0de4-f3ab-46a6-b960-271a1e0fdc9d"
        },
        {
          "title": "decentralgabe",
          "ctx": null,
          "suites": [],
          "tests": [
            {
              "type": "test",
              "title": "1. JWT Basic Credential Issuance",
              "body": "async function() {\n            if (!features[requiredFeature]) {\n              console.log(`Skipping test \"${testName}\" for ${name} due to missing feature: ${requiredFeature}`);\n              this.skip();\n              return;\n            }\n\n            console.log(`Running test: ${testName} for implementation: ${name}`);\n            await generateTestResults(name, testConfig);\n            this.test.cell = {columnId: name, rowId: testName};\n            const result = await checkTestResults(name, testConfig);\n            console.log(`Test result for ${name} - ${testName}: ${result}`);\n            should.equal(result, testConfig.expected_result);\n\n            // Log the test result in a format that matches the report generator's expectations\n            console.log(`Reporter data: ${this.test.cell.columnId},${this.test.cell.rowId},${result}`);\n          }",
              "async": 0,
              "sync": true,
              "_timeout": 150000,
              "_slow": 75,
              "_retries": -1,
              "timedOut": false,
              "_currentRetry": 0,
              "pending": false,
              "file": "/home/runner/work/vc-jose-cose-test-suite/vc-jose-cose-test-suite/tests/test-runner.js",
              "parent": "YQPMBHNYktfxOycszhS2g",
              "ctx": null,
              "_testId": "urn:uuid:c3e54952-db05-4c55-be3d-89ec826742c7",
              "_events": {},
              "_eventsCount": 1,
              "timer": {
                "_idleTimeout": -1,
                "_idlePrev": null,
                "_idleNext": null,
                "_idleStart": 86104,
                "_onTimeout": null,
                "_repeat": null,
                "_destroyed": true
              },
              "cell": {
                "columnId": "decentralgabe",
                "rowId": "1. JWT Basic Credential Issuance"
              },
              "duration": 34798,
              "state": "passed",
              "speed": "slow"
            },
            {
              "type": "test",
              "title": "2. JWT Credential Issuance with All Optional Fields",
              "body": "async function() {\n            if (!features[requiredFeature]) {\n              console.log(`Skipping test \"${testName}\" for ${name} due to missing feature: ${requiredFeature}`);\n              this.skip();\n              return;\n            }\n\n            console.log(`Running test: ${testName} for implementation: ${name}`);\n            await generateTestResults(name, testConfig);\n            this.test.cell = {columnId: name, rowId: testName};\n            const result = await checkTestResults(name, testConfig);\n            console.log(`Test result for ${name} - ${testName}: ${result}`);\n            should.equal(result, testConfig.expected_result);\n\n            // Log the test result in a format that matches the report generator's expectations\n            console.log(`Reporter data: ${this.test.cell.columnId},${this.test.cell.rowId},${result}`);\n          }",
              "async": 0,
              "sync": true,
              "_timeout": 150000,
              "_slow": 75,
              "_retries": -1,
              "timedOut": false,
              "_currentRetry": 0,
              "pending": false,
              "file": "/home/runner/work/vc-jose-cose-test-suite/vc-jose-cose-test-suite/tests/test-runner.js",
              "parent": "YQPMBHNYktfxOycszhS2g",
              "ctx": null,
              "_testId": "urn:uuid:7c509cec-b6da-452c-be2b-6cfaa3c2c274",
              "_events": {},
              "_eventsCount": 1,
              "timer": {
                "_idleTimeout": -1,
                "_idlePrev": null,
                "_idleNext": null,
                "_idleStart": 86547,
                "_onTimeout": null,
                "_repeat": null,
                "_destroyed": true
              },
              "cell": {
                "columnId": "decentralgabe",
                "rowId": "2. JWT Credential Issuance with All Optional Fields"
              },
              "duration": 442,
              "state": "passed",
              "speed": "slow"
            },
            {
              "type": "test",
              "title": "3. JWT Basic Presentation Issuance",
              "body": "async function() {\n            if (!features[requiredFeature]) {\n              console.log(`Skipping test \"${testName}\" for ${name} due to missing feature: ${requiredFeature}`);\n              this.skip();\n              return;\n            }\n\n            console.log(`Running test: ${testName} for implementation: ${name}`);\n            await generateTestResults(name, testConfig);\n            this.test.cell = {columnId: name, rowId: testName};\n            const result = await checkTestResults(name, testConfig);\n            console.log(`Test result for ${name} - ${testName}: ${result}`);\n            should.equal(result, testConfig.expected_result);\n\n            // Log the test result in a format that matches the report generator's expectations\n            console.log(`Reporter data: ${this.test.cell.columnId},${this.test.cell.rowId},${result}`);\n          }",
              "async": 0,
              "sync": true,
              "_timeout": 150000,
              "_slow": 75,
              "_retries": -1,
              "timedOut": false,
              "_currentRetry": 0,
              "pending": false,
              "file": "/home/runner/work/vc-jose-cose-test-suite/vc-jose-cose-test-suite/tests/test-runner.js",
              "parent": "YQPMBHNYktfxOycszhS2g",
              "ctx": null,
              "_testId": "urn:uuid:b1da8a6c-1e99-4cc1-bf80-99aa325e7eee",
              "_events": {},
              "_eventsCount": 1,
              "timer": {
                "_idleTimeout": -1,
                "_idlePrev": null,
                "_idleNext": null,
                "_idleStart": 86992,
                "_onTimeout": null,
                "_repeat": null,
                "_destroyed": true
              },
              "cell": {
                "columnId": "decentralgabe",
                "rowId": "3. JWT Basic Presentation Issuance"
              },
              "duration": 445,
              "state": "passed",
              "speed": "slow"
            },
            {
              "type": "test",
              "title": "4. JWT Complex Presentation Issuance",
              "body": "async function() {\n            if (!features[requiredFeature]) {\n              console.log(`Skipping test \"${testName}\" for ${name} due to missing feature: ${requiredFeature}`);\n              this.skip();\n              return;\n            }\n\n            console.log(`Running test: ${testName} for implementation: ${name}`);\n            await generateTestResults(name, testConfig);\n            this.test.cell = {columnId: name, rowId: testName};\n            const result = await checkTestResults(name, testConfig);\n            console.log(`Test result for ${name} - ${testName}: ${result}`);\n            should.equal(result, testConfig.expected_result);\n\n            // Log the test result in a format that matches the report generator's expectations\n            console.log(`Reporter data: ${this.test.cell.columnId},${this.test.cell.rowId},${result}`);\n          }",
              "async": 0,
              "sync": true,
              "_timeout": 150000,
              "_slow": 75,
              "_retries": -1,
              "timedOut": false,
              "_currentRetry": 0,
              "pending": false,
              "file": "/home/runner/work/vc-jose-cose-test-suite/vc-jose-cose-test-suite/tests/test-runner.js",
              "parent": "YQPMBHNYktfxOycszhS2g",
              "ctx": null,
              "_testId": "urn:uuid:b546573c-2538-4ba0-b2b7-925c3e414cc1",
              "_events": {},
              "_eventsCount": 1,
              "timer": {
                "_idleTimeout": -1,
                "_idlePrev": null,
                "_idleNext": null,
                "_idleStart": 87444,
                "_onTimeout": null,
                "_repeat": null,
                "_destroyed": true
              },
              "cell": {
                "columnId": "decentralgabe",
                "rowId": "4. JWT Complex Presentation Issuance"
              },
              "duration": 452,
              "state": "passed",
              "speed": "slow"
            },
            {
              "type": "test",
              "title": "5. JWT Issuance with Unknown Extensions",
              "body": "async function() {\n            if (!features[requiredFeature]) {\n              console.log(`Skipping test \"${testName}\" for ${name} due to missing feature: ${requiredFeature}`);\n              this.skip();\n              return;\n            }\n\n            console.log(`Running test: ${testName} for implementation: ${name}`);\n            await generateTestResults(name, testConfig);\n            this.test.cell = {columnId: name, rowId: testName};\n            const result = await checkTestResults(name, testConfig);\n            console.log(`Test result for ${name} - ${testName}: ${result}`);\n            should.equal(result, testConfig.expected_result);\n\n            // Log the test result in a format that matches the report generator's expectations\n            console.log(`Reporter data: ${this.test.cell.columnId},${this.test.cell.rowId},${result}`);\n          }",
              "async": 0,
              "sync": true,
              "_timeout": 150000,
              "_slow": 75,
              "_retries": -1,
              "timedOut": false,
              "_currentRetry": 0,
              "pending": false,
              "file": "/home/runner/work/vc-jose-cose-test-suite/vc-jose-cose-test-suite/tests/test-runner.js",
              "parent": "YQPMBHNYktfxOycszhS2g",
              "ctx": null,
              "_testId": "urn:uuid:e0ffec4a-63e9-460b-ab6f-c5aa8059af25",
              "_events": {},
              "_eventsCount": 1,
              "timer": {
                "_idleTimeout": -1,
                "_idlePrev": null,
                "_idleNext": null,
                "_idleStart": 87880,
                "_onTimeout": null,
                "_repeat": null,
                "_destroyed": true
              },
              "cell": {
                "columnId": "decentralgabe",
                "rowId": "5. JWT Issuance with Unknown Extensions"
              },
              "duration": 436,
              "state": "passed",
              "speed": "slow"
            },
            {
              "type": "test",
              "title": "6. JWT Basic Credential Verification",
              "body": "async function() {\n            if (!features[requiredFeature]) {\n              console.log(`Skipping test \"${testName}\" for ${name} due to missing feature: ${requiredFeature}`);\n              this.skip();\n              return;\n            }\n\n            console.log(`Running test: ${testName} for implementation: ${name}`);\n            await generateTestResults(name, testConfig);\n            this.test.cell = {columnId: name, rowId: testName};\n            const result = await checkTestResults(name, testConfig);\n            console.log(`Test result for ${name} - ${testName}: ${result}`);\n            should.equal(result, testConfig.expected_result);\n\n            // Log the test result in a format that matches the report generator's expectations\n            console.log(`Reporter data: ${this.test.cell.columnId},${this.test.cell.rowId},${result}`);\n          }",
              "async": 0,
              "sync": true,
              "_timeout": 150000,
              "_slow": 75,
              "_retries": -1,
              "timedOut": false,
              "_currentRetry": 0,
              "pending": false,
              "file": "/home/runner/work/vc-jose-cose-test-suite/vc-jose-cose-test-suite/tests/test-runner.js",
              "parent": "YQPMBHNYktfxOycszhS2g",
              "ctx": null,
              "_testId": "urn:uuid:a5890b70-89f0-4d23-8cb1-a8d49a20022d",
              "_events": {},
              "_eventsCount": 1,
              "timer": {
                "_idleTimeout": -1,
                "_idlePrev": null,
                "_idleNext": null,
                "_idleStart": 88319,
                "_onTimeout": null,
                "_repeat": null,
                "_destroyed": true
              },
              "cell": {
                "columnId": "decentralgabe",
                "rowId": "6. JWT Basic Credential Verification"
              },
              "duration": 439,
              "state": "passed",
              "speed": "slow"
            },
            {
              "type": "test",
              "title": "7. JWT Presentation Verification",
              "body": "async function() {\n            if (!features[requiredFeature]) {\n              console.log(`Skipping test \"${testName}\" for ${name} due to missing feature: ${requiredFeature}`);\n              this.skip();\n              return;\n            }\n\n            console.log(`Running test: ${testName} for implementation: ${name}`);\n            await generateTestResults(name, testConfig);\n            this.test.cell = {columnId: name, rowId: testName};\n            const result = await checkTestResults(name, testConfig);\n            console.log(`Test result for ${name} - ${testName}: ${result}`);\n            should.equal(result, testConfig.expected_result);\n\n            // Log the test result in a format that matches the report generator's expectations\n            console.log(`Reporter data: ${this.test.cell.columnId},${this.test.cell.rowId},${result}`);\n          }",
              "async": 0,
              "sync": true,
              "_timeout": 150000,
              "_slow": 75,
              "_retries": -1,
              "timedOut": false,
              "_currentRetry": 0,
              "pending": false,
              "file": "/home/runner/work/vc-jose-cose-test-suite/vc-jose-cose-test-suite/tests/test-runner.js",
              "parent": "YQPMBHNYktfxOycszhS2g",
              "ctx": null,
              "_testId": "urn:uuid:735da35a-caad-45ba-a3fc-73c123a73b0b",
              "_events": {},
              "_eventsCount": 1,
              "timer": {
                "_idleTimeout": -1,
                "_idlePrev": null,
                "_idleNext": null,
                "_idleStart": 88763,
                "_onTimeout": null,
                "_repeat": null,
                "_destroyed": true
              },
              "cell": {
                "columnId": "decentralgabe",
                "rowId": "7. JWT Presentation Verification"
              },
              "duration": 444,
              "state": "passed",
              "speed": "slow"
            },
            {
              "type": "test",
              "title": "8. JWT Issuer Match Verification",
              "body": "async function() {\n            if (!features[requiredFeature]) {\n              console.log(`Skipping test \"${testName}\" for ${name} due to missing feature: ${requiredFeature}`);\n              this.skip();\n              return;\n            }\n\n            console.log(`Running test: ${testName} for implementation: ${name}`);\n            await generateTestResults(name, testConfig);\n            this.test.cell = {columnId: name, rowId: testName};\n            const result = await checkTestResults(name, testConfig);\n            console.log(`Test result for ${name} - ${testName}: ${result}`);\n            should.equal(result, testConfig.expected_result);\n\n            // Log the test result in a format that matches the report generator's expectations\n            console.log(`Reporter data: ${this.test.cell.columnId},${this.test.cell.rowId},${result}`);\n          }",
              "async": 0,
              "sync": true,
              "_timeout": 150000,
              "_slow": 75,
              "_retries": -1,
              "timedOut": false,
              "_currentRetry": 0,
              "pending": false,
              "file": "/home/runner/work/vc-jose-cose-test-suite/vc-jose-cose-test-suite/tests/test-runner.js",
              "parent": "YQPMBHNYktfxOycszhS2g",
              "ctx": null,
              "_testId": "urn:uuid:cd4e6cf6-0d28-46ff-94de-4a02ca25df8e",
              "_events": {},
              "_eventsCount": 1,
              "timer": {
                "_idleTimeout": -1,
                "_idlePrev": null,
                "_idleNext": null,
                "_idleStart": 89203,
                "_onTimeout": null,
                "_repeat": null,
                "_destroyed": true
              },
              "cell": {
                "columnId": "decentralgabe",
                "rowId": "8. JWT Issuer Match Verification"
              },
              "duration": 440,
              "state": "passed",
              "speed": "slow"
            },
            {
              "type": "test",
              "title": "9. JWT Verification With Unknown Extensions",
              "body": "async function() {\n            if (!features[requiredFeature]) {\n              console.log(`Skipping test \"${testName}\" for ${name} due to missing feature: ${requiredFeature}`);\n              this.skip();\n              return;\n            }\n\n            console.log(`Running test: ${testName} for implementation: ${name}`);\n            await generateTestResults(name, testConfig);\n            this.test.cell = {columnId: name, rowId: testName};\n            const result = await checkTestResults(name, testConfig);\n            console.log(`Test result for ${name} - ${testName}: ${result}`);\n            should.equal(result, testConfig.expected_result);\n\n            // Log the test result in a format that matches the report generator's expectations\n            console.log(`Reporter data: ${this.test.cell.columnId},${this.test.cell.rowId},${result}`);\n          }",
              "async": 0,
              "sync": true,
              "_timeout": 150000,
              "_slow": 75,
              "_retries": -1,
              "timedOut": false,
              "_currentRetry": 0,
              "pending": false,
              "file": "/home/runner/work/vc-jose-cose-test-suite/vc-jose-cose-test-suite/tests/test-runner.js",
              "parent": "YQPMBHNYktfxOycszhS2g",
              "ctx": null,
              "_testId": "urn:uuid:29282752-9439-4af4-93d3-697d5f711bff",
              "_events": {},
              "_eventsCount": 1,
              "timer": {
                "_idleTimeout": -1,
                "_idlePrev": null,
                "_idleNext": null,
                "_idleStart": 89643,
                "_onTimeout": null,
                "_repeat": null,
                "_destroyed": true
              },
              "cell": {
                "columnId": "decentralgabe",
                "rowId": "9. JWT Verification With Unknown Extensions"
              },
              "duration": 440,
              "state": "passed",
              "speed": "slow"
            },
            {
              "type": "test",
              "title": "10. JWT Unsecured Credential Verification",
              "body": "async function() {\n            if (!features[requiredFeature]) {\n              console.log(`Skipping test \"${testName}\" for ${name} due to missing feature: ${requiredFeature}`);\n              this.skip();\n              return;\n            }\n\n            console.log(`Running test: ${testName} for implementation: ${name}`);\n            await generateTestResults(name, testConfig);\n            this.test.cell = {columnId: name, rowId: testName};\n            const result = await checkTestResults(name, testConfig);\n            console.log(`Test result for ${name} - ${testName}: ${result}`);\n            should.equal(result, testConfig.expected_result);\n\n            // Log the test result in a format that matches the report generator's expectations\n            console.log(`Reporter data: ${this.test.cell.columnId},${this.test.cell.rowId},${result}`);\n          }",
              "async": 0,
              "sync": true,
              "_timeout": 150000,
              "_slow": 75,
              "_retries": -1,
              "timedOut": false,
              "_currentRetry": 0,
              "pending": false,
              "file": "/home/runner/work/vc-jose-cose-test-suite/vc-jose-cose-test-suite/tests/test-runner.js",
              "parent": "YQPMBHNYktfxOycszhS2g",
              "ctx": null,
              "_testId": "urn:uuid:1b2c3100-62eb-44f1-87a6-29aba974eb3c",
              "_events": {},
              "_eventsCount": 1,
              "timer": {
                "_idleTimeout": -1,
                "_idlePrev": null,
                "_idleNext": null,
                "_idleStart": 90087,
                "_onTimeout": null,
                "_repeat": null,
                "_destroyed": true
              },
              "cell": {
                "columnId": "decentralgabe",
                "rowId": "10. JWT Unsecured Credential Verification"
              },
              "duration": 444,
              "state": "passed",
              "speed": "slow"
            },
            {
              "type": "test",
              "title": "11. JWT Unsecured Presentation Verification",
              "body": "async function() {\n            if (!features[requiredFeature]) {\n              console.log(`Skipping test \"${testName}\" for ${name} due to missing feature: ${requiredFeature}`);\n              this.skip();\n              return;\n            }\n\n            console.log(`Running test: ${testName} for implementation: ${name}`);\n            await generateTestResults(name, testConfig);\n            this.test.cell = {columnId: name, rowId: testName};\n            const result = await checkTestResults(name, testConfig);\n            console.log(`Test result for ${name} - ${testName}: ${result}`);\n            should.equal(result, testConfig.expected_result);\n\n            // Log the test result in a format that matches the report generator's expectations\n            console.log(`Reporter data: ${this.test.cell.columnId},${this.test.cell.rowId},${result}`);\n          }",
              "async": 0,
              "sync": true,
              "_timeout": 150000,
              "_slow": 75,
              "_retries": -1,
              "timedOut": false,
              "_currentRetry": 0,
              "pending": false,
              "file": "/home/runner/work/vc-jose-cose-test-suite/vc-jose-cose-test-suite/tests/test-runner.js",
              "parent": "YQPMBHNYktfxOycszhS2g",
              "ctx": null,
              "_testId": "urn:uuid:2eb9a236-06b2-48ee-b38b-7eae738d7470",
              "_events": {},
              "_eventsCount": 1,
              "timer": {
                "_idleTimeout": -1,
                "_idlePrev": null,
                "_idleNext": null,
                "_idleStart": 90524,
                "_onTimeout": null,
                "_repeat": null,
                "_destroyed": true
              },
              "cell": {
                "columnId": "decentralgabe",
                "rowId": "11. JWT Unsecured Presentation Verification"
              },
              "duration": 437,
              "state": "passed",
              "speed": "slow"
            },
            {
              "type": "test",
              "title": "12. JWT Credential with an Invalid Signature",
              "body": "async function() {\n            if (!features[requiredFeature]) {\n              console.log(`Skipping test \"${testName}\" for ${name} due to missing feature: ${requiredFeature}`);\n              this.skip();\n              return;\n            }\n\n            console.log(`Running test: ${testName} for implementation: ${name}`);\n            await generateTestResults(name, testConfig);\n            this.test.cell = {columnId: name, rowId: testName};\n            const result = await checkTestResults(name, testConfig);\n            console.log(`Test result for ${name} - ${testName}: ${result}`);\n            should.equal(result, testConfig.expected_result);\n\n            // Log the test result in a format that matches the report generator's expectations\n            console.log(`Reporter data: ${this.test.cell.columnId},${this.test.cell.rowId},${result}`);\n          }",
              "async": 0,
              "sync": true,
              "_timeout": 150000,
              "_slow": 75,
              "_retries": -1,
              "timedOut": false,
              "_currentRetry": 0,
              "pending": false,
              "file": "/home/runner/work/vc-jose-cose-test-suite/vc-jose-cose-test-suite/tests/test-runner.js",
              "parent": "YQPMBHNYktfxOycszhS2g",
              "ctx": null,
              "_testId": "urn:uuid:fe756983-4fd1-443d-a067-c56c2a60594c",
              "_events": {},
              "_eventsCount": 1,
              "timer": {
                "_idleTimeout": -1,
                "_idlePrev": null,
                "_idleNext": null,
                "_idleStart": 90957,
                "_onTimeout": null,
                "_repeat": null,
                "_destroyed": true
              },
              "cell": {
                "columnId": "decentralgabe",
                "rowId": "12. JWT Credential with an Invalid Signature"
              },
              "duration": 433,
              "state": "passed",
              "speed": "slow"
            },
            {
              "type": "test",
              "title": "13. JWT Credential with an Invalid Media Type",
              "body": "async function() {\n            if (!features[requiredFeature]) {\n              console.log(`Skipping test \"${testName}\" for ${name} due to missing feature: ${requiredFeature}`);\n              this.skip();\n              return;\n            }\n\n            console.log(`Running test: ${testName} for implementation: ${name}`);\n            await generateTestResults(name, testConfig);\n            this.test.cell = {columnId: name, rowId: testName};\n            const result = await checkTestResults(name, testConfig);\n            console.log(`Test result for ${name} - ${testName}: ${result}`);\n            should.equal(result, testConfig.expected_result);\n\n            // Log the test result in a format that matches the report generator's expectations\n            console.log(`Reporter data: ${this.test.cell.columnId},${this.test.cell.rowId},${result}`);\n          }",
              "async": 0,
              "sync": true,
              "_timeout": 150000,
              "_slow": 75,
              "_retries": -1,
              "timedOut": false,
              "_currentRetry": 0,
              "pending": false,
              "file": "/home/runner/work/vc-jose-cose-test-suite/vc-jose-cose-test-suite/tests/test-runner.js",
              "parent": "YQPMBHNYktfxOycszhS2g",
              "ctx": null,
              "_testId": "urn:uuid:5be25f7e-b800-4248-b263-523f25d9a244",
              "_events": {},
              "_eventsCount": 1,
              "timer": {
                "_idleTimeout": -1,
                "_idlePrev": null,
                "_idleNext": null,
                "_idleStart": 91400,
                "_onTimeout": null,
                "_repeat": null,
                "_destroyed": true
              },
              "cell": {
                "columnId": "decentralgabe",
                "rowId": "13. JWT Credential with an Invalid Media Type"
              },
              "duration": 443,
              "state": "passed",
              "speed": "slow"
            },
            {
              "type": "test",
              "title": "14. JWT Presentation with an Invalid Media Type",
              "body": "async function() {\n            if (!features[requiredFeature]) {\n              console.log(`Skipping test \"${testName}\" for ${name} due to missing feature: ${requiredFeature}`);\n              this.skip();\n              return;\n            }\n\n            console.log(`Running test: ${testName} for implementation: ${name}`);\n            await generateTestResults(name, testConfig);\n            this.test.cell = {columnId: name, rowId: testName};\n            const result = await checkTestResults(name, testConfig);\n            console.log(`Test result for ${name} - ${testName}: ${result}`);\n            should.equal(result, testConfig.expected_result);\n\n            // Log the test result in a format that matches the report generator's expectations\n            console.log(`Reporter data: ${this.test.cell.columnId},${this.test.cell.rowId},${result}`);\n          }",
              "async": 0,
              "sync": true,
              "_timeout": 150000,
              "_slow": 75,
              "_retries": -1,
              "timedOut": false,
              "_currentRetry": 0,
              "pending": false,
              "file": "/home/runner/work/vc-jose-cose-test-suite/vc-jose-cose-test-suite/tests/test-runner.js",
              "parent": "YQPMBHNYktfxOycszhS2g",
              "ctx": null,
              "_testId": "urn:uuid:4ea9999b-0d1b-46d0-8a3b-edeada64ed25",
              "_events": {},
              "_eventsCount": 1,
              "timer": {
                "_idleTimeout": -1,
                "_idlePrev": null,
                "_idleNext": null,
                "_idleStart": 91849,
                "_onTimeout": null,
                "_repeat": null,
                "_destroyed": true
              },
              "cell": {
                "columnId": "decentralgabe",
                "rowId": "14. JWT Presentation with an Invalid Media Type"
              },
              "duration": 449,
              "state": "passed",
              "speed": "slow"
            },
            {
              "type": "test",
              "title": "15. JWT Credential with vc and/or vp Claims",
              "body": "async function() {\n            if (!features[requiredFeature]) {\n              console.log(`Skipping test \"${testName}\" for ${name} due to missing feature: ${requiredFeature}`);\n              this.skip();\n              return;\n            }\n\n            console.log(`Running test: ${testName} for implementation: ${name}`);\n            await generateTestResults(name, testConfig);\n            this.test.cell = {columnId: name, rowId: testName};\n            const result = await checkTestResults(name, testConfig);\n            console.log(`Test result for ${name} - ${testName}: ${result}`);\n            should.equal(result, testConfig.expected_result);\n\n            // Log the test result in a format that matches the report generator's expectations\n            console.log(`Reporter data: ${this.test.cell.columnId},${this.test.cell.rowId},${result}`);\n          }",
              "async": 0,
              "sync": true,
              "_timeout": 150000,
              "_slow": 75,
              "_retries": -1,
              "timedOut": false,
              "_currentRetry": 0,
              "pending": false,
              "file": "/home/runner/work/vc-jose-cose-test-suite/vc-jose-cose-test-suite/tests/test-runner.js",
              "parent": "YQPMBHNYktfxOycszhS2g",
              "ctx": null,
              "_testId": "urn:uuid:69e3c945-cc1e-48e7-bcbc-6d2d2e24157e",
              "_events": {},
              "_eventsCount": 1,
              "timer": {
                "_idleTimeout": -1,
                "_idlePrev": null,
                "_idleNext": null,
                "_idleStart": 92297,
                "_onTimeout": null,
                "_repeat": null,
                "_destroyed": true
              },
              "cell": {
                "columnId": "decentralgabe",
                "rowId": "15. JWT Credential with vc and/or vp Claims"
              },
              "duration": 448,
              "state": "passed",
              "speed": "slow"
            },
            {
              "type": "test",
              "title": "16. JWT Presentation with Invalid Credential",
              "body": "async function() {\n            if (!features[requiredFeature]) {\n              console.log(`Skipping test \"${testName}\" for ${name} due to missing feature: ${requiredFeature}`);\n              this.skip();\n              return;\n            }\n\n            console.log(`Running test: ${testName} for implementation: ${name}`);\n            await generateTestResults(name, testConfig);\n            this.test.cell = {columnId: name, rowId: testName};\n            const result = await checkTestResults(name, testConfig);\n            console.log(`Test result for ${name} - ${testName}: ${result}`);\n            should.equal(result, testConfig.expected_result);\n\n            // Log the test result in a format that matches the report generator's expectations\n            console.log(`Reporter data: ${this.test.cell.columnId},${this.test.cell.rowId},${result}`);\n          }",
              "async": 0,
              "sync": true,
              "_timeout": 150000,
              "_slow": 75,
              "_retries": -1,
              "timedOut": false,
              "_currentRetry": 0,
              "pending": false,
              "file": "/home/runner/work/vc-jose-cose-test-suite/vc-jose-cose-test-suite/tests/test-runner.js",
              "parent": "YQPMBHNYktfxOycszhS2g",
              "ctx": null,
              "_testId": "urn:uuid:4434d34d-6ed4-4663-babc-e6b25e7bead4",
              "_events": {},
              "_eventsCount": 1,
              "timer": {
                "_idleTimeout": -1,
                "_idlePrev": null,
                "_idleNext": null,
                "_idleStart": 92741,
                "_onTimeout": null,
                "_repeat": null,
                "_destroyed": true
              },
              "cell": {
                "columnId": "decentralgabe",
                "rowId": "16. JWT Presentation with Invalid Credential"
              },
              "duration": 444,
              "state": "passed",
              "speed": "slow"
            }
          ],
          "root": false,
          "pending": false,
          "_retries": -1,
          "_beforeEach": [],
          "_beforeAll": [],
          "_afterEach": [],
          "_afterAll": [],
          "_timeout": 150000,
          "_slow": 75,
          "_bail": false,
          "_onlyTests": [],
          "_onlySuites": [],
          "delayed": false,
          "parent": "Oi1UEN_wWn9cVA9wumYsQ",
          "file": "/home/runner/work/vc-jose-cose-test-suite/vc-jose-cose-test-suite/tests/test-runner.js",
          "_testId": "urn:uuid:596bfb9c-d1af-4e69-b9b8-f4fc3aa58657"
        }
      ],
      "tests": [
        {
          "type": "test",
          "title": "1. JWT Basic Credential Issuance",
          "body": "async function() {\n            if (!features[requiredFeature]) {\n              console.log(`Skipping test \"${testName}\" for ${name} due to missing feature: ${requiredFeature}`);\n              this.skip();\n              return;\n            }\n\n            console.log(`Running test: ${testName} for implementation: ${name}`);\n            await generateTestResults(name, testConfig);\n            this.test.cell = {columnId: name, rowId: testName};\n            const result = await checkTestResults(name, testConfig);\n            console.log(`Test result for ${name} - ${testName}: ${result}`);\n            should.equal(result, testConfig.expected_result);\n\n            // Log the test result in a format that matches the report generator's expectations\n            console.log(`Reporter data: ${this.test.cell.columnId},${this.test.cell.rowId},${result}`);\n          }",
          "async": 0,
          "sync": true,
          "_timeout": 150000,
          "_slow": 75,
          "_retries": -1,
          "timedOut": false,
          "_currentRetry": 0,
          "pending": false,
          "file": "/home/runner/work/vc-jose-cose-test-suite/vc-jose-cose-test-suite/tests/test-runner.js",
          "parent": "3MgFLVJ45Tn8a5ZJdyOQB",
          "ctx": null,
          "_testId": "urn:uuid:04c2fb3c-1537-45e6-9ebd-23f2aaa56941",
          "_events": {},
          "_eventsCount": 1,
          "timer": {
            "_idleTimeout": -1,
            "_idlePrev": null,
            "_idleNext": null,
            "_idleStart": 16199,
            "_onTimeout": null,
            "_repeat": null,
            "_destroyed": true
          },
          "cell": {
            "columnId": "Mavennet",
            "rowId": "1. JWT Basic Credential Issuance"
          },
          "duration": 16029,
          "state": "passed",
          "speed": "slow"
        },
        {
          "type": "test",
          "title": "2. JWT Credential Issuance with All Optional Fields",
          "body": "async function() {\n            if (!features[requiredFeature]) {\n              console.log(`Skipping test \"${testName}\" for ${name} due to missing feature: ${requiredFeature}`);\n              this.skip();\n              return;\n            }\n\n            console.log(`Running test: ${testName} for implementation: ${name}`);\n            await generateTestResults(name, testConfig);\n            this.test.cell = {columnId: name, rowId: testName};\n            const result = await checkTestResults(name, testConfig);\n            console.log(`Test result for ${name} - ${testName}: ${result}`);\n            should.equal(result, testConfig.expected_result);\n\n            // Log the test result in a format that matches the report generator's expectations\n            console.log(`Reporter data: ${this.test.cell.columnId},${this.test.cell.rowId},${result}`);\n          }",
          "async": 0,
          "sync": true,
          "_timeout": 150000,
          "_slow": 75,
          "_retries": -1,
          "timedOut": false,
          "_currentRetry": 0,
          "pending": false,
          "file": "/home/runner/work/vc-jose-cose-test-suite/vc-jose-cose-test-suite/tests/test-runner.js",
          "parent": "3MgFLVJ45Tn8a5ZJdyOQB",
          "ctx": null,
          "_testId": "urn:uuid:239d3119-f839-447a-bfb0-6a63389de7d9",
          "_events": {},
          "_eventsCount": 1,
          "timer": {
            "_idleTimeout": -1,
            "_idlePrev": null,
            "_idleNext": null,
            "_idleStart": 17116,
            "_onTimeout": null,
            "_repeat": null,
            "_destroyed": true
          },
          "cell": {
            "columnId": "Mavennet",
            "rowId": "2. JWT Credential Issuance with All Optional Fields"
          },
          "duration": 916,
          "state": "passed",
          "speed": "slow"
        },
        {
          "type": "test",
          "title": "3. JWT Basic Presentation Issuance",
          "body": "async function() {\n            if (!features[requiredFeature]) {\n              console.log(`Skipping test \"${testName}\" for ${name} due to missing feature: ${requiredFeature}`);\n              this.skip();\n              return;\n            }\n\n            console.log(`Running test: ${testName} for implementation: ${name}`);\n            await generateTestResults(name, testConfig);\n            this.test.cell = {columnId: name, rowId: testName};\n            const result = await checkTestResults(name, testConfig);\n            console.log(`Test result for ${name} - ${testName}: ${result}`);\n            should.equal(result, testConfig.expected_result);\n\n            // Log the test result in a format that matches the report generator's expectations\n            console.log(`Reporter data: ${this.test.cell.columnId},${this.test.cell.rowId},${result}`);\n          }",
          "async": 0,
          "sync": true,
          "_timeout": 150000,
          "_slow": 75,
          "_retries": -1,
          "timedOut": false,
          "_currentRetry": 0,
          "pending": false,
          "file": "/home/runner/work/vc-jose-cose-test-suite/vc-jose-cose-test-suite/tests/test-runner.js",
          "parent": "3MgFLVJ45Tn8a5ZJdyOQB",
          "ctx": null,
          "_testId": "urn:uuid:8c995281-2eee-4f2b-b3a2-5a97eb09b895",
          "_events": {},
          "_eventsCount": 1,
          "timer": {
            "_idleTimeout": -1,
            "_idlePrev": null,
            "_idleNext": null,
            "_idleStart": 17972,
            "_onTimeout": null,
            "_repeat": null,
            "_destroyed": true
          },
          "cell": {
            "columnId": "Mavennet",
            "rowId": "3. JWT Basic Presentation Issuance"
          },
          "duration": 855,
          "state": "passed",
          "speed": "slow"
        },
        {
          "type": "test",
          "title": "4. JWT Complex Presentation Issuance",
          "body": "async function() {\n            if (!features[requiredFeature]) {\n              console.log(`Skipping test \"${testName}\" for ${name} due to missing feature: ${requiredFeature}`);\n              this.skip();\n              return;\n            }\n\n            console.log(`Running test: ${testName} for implementation: ${name}`);\n            await generateTestResults(name, testConfig);\n            this.test.cell = {columnId: name, rowId: testName};\n            const result = await checkTestResults(name, testConfig);\n            console.log(`Test result for ${name} - ${testName}: ${result}`);\n            should.equal(result, testConfig.expected_result);\n\n            // Log the test result in a format that matches the report generator's expectations\n            console.log(`Reporter data: ${this.test.cell.columnId},${this.test.cell.rowId},${result}`);\n          }",
          "async": 0,
          "sync": true,
          "_timeout": 150000,
          "_slow": 75,
          "_retries": -1,
          "timedOut": false,
          "_currentRetry": 0,
          "pending": false,
          "file": "/home/runner/work/vc-jose-cose-test-suite/vc-jose-cose-test-suite/tests/test-runner.js",
          "parent": "3MgFLVJ45Tn8a5ZJdyOQB",
          "ctx": null,
          "_testId": "urn:uuid:55429caf-0a31-4d04-bba0-dd588bbe3feb",
          "_events": {},
          "_eventsCount": 1,
          "timer": {
            "_idleTimeout": -1,
            "_idlePrev": null,
            "_idleNext": null,
            "_idleStart": 18843,
            "_onTimeout": null,
            "_repeat": null,
            "_destroyed": true
          },
          "cell": {
            "columnId": "Mavennet",
            "rowId": "4. JWT Complex Presentation Issuance"
          },
          "duration": 871,
          "state": "passed",
          "speed": "slow"
        },
        {
          "type": "test",
          "title": "5. JWT Issuance with Unknown Extensions",
          "body": "async function() {\n            if (!features[requiredFeature]) {\n              console.log(`Skipping test \"${testName}\" for ${name} due to missing feature: ${requiredFeature}`);\n              this.skip();\n              return;\n            }\n\n            console.log(`Running test: ${testName} for implementation: ${name}`);\n            await generateTestResults(name, testConfig);\n            this.test.cell = {columnId: name, rowId: testName};\n            const result = await checkTestResults(name, testConfig);\n            console.log(`Test result for ${name} - ${testName}: ${result}`);\n            should.equal(result, testConfig.expected_result);\n\n            // Log the test result in a format that matches the report generator's expectations\n            console.log(`Reporter data: ${this.test.cell.columnId},${this.test.cell.rowId},${result}`);\n          }",
          "async": 0,
          "sync": true,
          "_timeout": 150000,
          "_slow": 75,
          "_retries": -1,
          "timedOut": false,
          "_currentRetry": 0,
          "pending": false,
          "file": "/home/runner/work/vc-jose-cose-test-suite/vc-jose-cose-test-suite/tests/test-runner.js",
          "parent": "3MgFLVJ45Tn8a5ZJdyOQB",
          "ctx": null,
          "_testId": "urn:uuid:b2fd671a-bace-4dc7-8ed2-fe17b76c1f3c",
          "_events": {},
          "_eventsCount": 1,
          "timer": {
            "_idleTimeout": -1,
            "_idlePrev": null,
            "_idleNext": null,
            "_idleStart": 19753,
            "_onTimeout": null,
            "_repeat": null,
            "_destroyed": true
          },
          "cell": {
            "columnId": "Mavennet",
            "rowId": "5. JWT Issuance with Unknown Extensions"
          },
          "duration": 910,
          "state": "passed",
          "speed": "slow"
        },
        {
          "type": "test",
          "title": "6. JWT Basic Credential Verification",
          "body": "async function() {\n            if (!features[requiredFeature]) {\n              console.log(`Skipping test \"${testName}\" for ${name} due to missing feature: ${requiredFeature}`);\n              this.skip();\n              return;\n            }\n\n            console.log(`Running test: ${testName} for implementation: ${name}`);\n            await generateTestResults(name, testConfig);\n            this.test.cell = {columnId: name, rowId: testName};\n            const result = await checkTestResults(name, testConfig);\n            console.log(`Test result for ${name} - ${testName}: ${result}`);\n            should.equal(result, testConfig.expected_result);\n\n            // Log the test result in a format that matches the report generator's expectations\n            console.log(`Reporter data: ${this.test.cell.columnId},${this.test.cell.rowId},${result}`);\n          }",
          "async": 0,
          "sync": true,
          "_timeout": 150000,
          "_slow": 75,
          "_retries": -1,
          "timedOut": false,
          "_currentRetry": 0,
          "pending": false,
          "file": "/home/runner/work/vc-jose-cose-test-suite/vc-jose-cose-test-suite/tests/test-runner.js",
          "parent": "3MgFLVJ45Tn8a5ZJdyOQB",
          "ctx": null,
          "_testId": "urn:uuid:4daa1661-8430-424f-8472-46bbe0ec1bdc",
          "_events": {},
          "_eventsCount": 1,
          "timer": {
            "_idleTimeout": -1,
            "_idlePrev": null,
            "_idleNext": null,
            "_idleStart": 20622,
            "_onTimeout": null,
            "_repeat": null,
            "_destroyed": true
          },
          "cell": {
            "columnId": "Mavennet",
            "rowId": "6. JWT Basic Credential Verification"
          },
          "duration": 869,
          "state": "passed",
          "speed": "slow"
        },
        {
          "type": "test",
          "title": "7. JWT Presentation Verification",
          "body": "async function() {\n            if (!features[requiredFeature]) {\n              console.log(`Skipping test \"${testName}\" for ${name} due to missing feature: ${requiredFeature}`);\n              this.skip();\n              return;\n            }\n\n            console.log(`Running test: ${testName} for implementation: ${name}`);\n            await generateTestResults(name, testConfig);\n            this.test.cell = {columnId: name, rowId: testName};\n            const result = await checkTestResults(name, testConfig);\n            console.log(`Test result for ${name} - ${testName}: ${result}`);\n            should.equal(result, testConfig.expected_result);\n\n            // Log the test result in a format that matches the report generator's expectations\n            console.log(`Reporter data: ${this.test.cell.columnId},${this.test.cell.rowId},${result}`);\n          }",
          "async": 0,
          "sync": true,
          "_timeout": 150000,
          "_slow": 75,
          "_retries": -1,
          "timedOut": false,
          "_currentRetry": 0,
          "pending": false,
          "file": "/home/runner/work/vc-jose-cose-test-suite/vc-jose-cose-test-suite/tests/test-runner.js",
          "parent": "3MgFLVJ45Tn8a5ZJdyOQB",
          "ctx": null,
          "_testId": "urn:uuid:3d6cc92f-24f5-433d-a2cd-33976c998c10",
          "_events": {},
          "_eventsCount": 1,
          "timer": {
            "_idleTimeout": -1,
            "_idlePrev": null,
            "_idleNext": null,
            "_idleStart": 21496,
            "_onTimeout": null,
            "_repeat": null,
            "_destroyed": true
          },
          "cell": {
            "columnId": "Mavennet",
            "rowId": "7. JWT Presentation Verification"
          },
          "duration": 875,
          "state": "passed",
          "speed": "slow"
        },
        {
          "type": "test",
          "title": "8. JWT Issuer Match Verification",
          "body": "async function() {\n            if (!features[requiredFeature]) {\n              console.log(`Skipping test \"${testName}\" for ${name} due to missing feature: ${requiredFeature}`);\n              this.skip();\n              return;\n            }\n\n            console.log(`Running test: ${testName} for implementation: ${name}`);\n            await generateTestResults(name, testConfig);\n            this.test.cell = {columnId: name, rowId: testName};\n            const result = await checkTestResults(name, testConfig);\n            console.log(`Test result for ${name} - ${testName}: ${result}`);\n            should.equal(result, testConfig.expected_result);\n\n            // Log the test result in a format that matches the report generator's expectations\n            console.log(`Reporter data: ${this.test.cell.columnId},${this.test.cell.rowId},${result}`);\n          }",
          "async": 0,
          "sync": true,
          "_timeout": 150000,
          "_slow": 75,
          "_retries": -1,
          "timedOut": false,
          "_currentRetry": 0,
          "pending": false,
          "file": "/home/runner/work/vc-jose-cose-test-suite/vc-jose-cose-test-suite/tests/test-runner.js",
          "parent": "3MgFLVJ45Tn8a5ZJdyOQB",
          "ctx": null,
          "_testId": "urn:uuid:ba7fe5c2-f562-4780-b27e-adc57f430c51",
          "_events": {},
          "_eventsCount": 1,
          "timer": {
            "_idleTimeout": -1,
            "_idlePrev": null,
            "_idleNext": null,
            "_idleStart": 22362,
            "_onTimeout": null,
            "_repeat": null,
            "_destroyed": true
          },
          "cell": {
            "columnId": "Mavennet",
            "rowId": "8. JWT Issuer Match Verification"
          },
          "duration": 865,
          "state": "passed",
          "speed": "slow"
        },
        {
          "type": "test",
          "title": "9. JWT Verification With Unknown Extensions",
          "body": "async function() {\n            if (!features[requiredFeature]) {\n              console.log(`Skipping test \"${testName}\" for ${name} due to missing feature: ${requiredFeature}`);\n              this.skip();\n              return;\n            }\n\n            console.log(`Running test: ${testName} for implementation: ${name}`);\n            await generateTestResults(name, testConfig);\n            this.test.cell = {columnId: name, rowId: testName};\n            const result = await checkTestResults(name, testConfig);\n            console.log(`Test result for ${name} - ${testName}: ${result}`);\n            should.equal(result, testConfig.expected_result);\n\n            // Log the test result in a format that matches the report generator's expectations\n            console.log(`Reporter data: ${this.test.cell.columnId},${this.test.cell.rowId},${result}`);\n          }",
          "async": 0,
          "sync": true,
          "_timeout": 150000,
          "_slow": 75,
          "_retries": -1,
          "timedOut": false,
          "_currentRetry": 0,
          "pending": false,
          "file": "/home/runner/work/vc-jose-cose-test-suite/vc-jose-cose-test-suite/tests/test-runner.js",
          "parent": "3MgFLVJ45Tn8a5ZJdyOQB",
          "ctx": null,
          "_testId": "urn:uuid:f095dae2-97e4-43de-ac1f-5046962fb08d",
          "_events": {},
          "_eventsCount": 1,
          "timer": {
            "_idleTimeout": -1,
            "_idlePrev": null,
            "_idleNext": null,
            "_idleStart": 23220,
            "_onTimeout": null,
            "_repeat": null,
            "_destroyed": true
          },
          "cell": {
            "columnId": "Mavennet",
            "rowId": "9. JWT Verification With Unknown Extensions"
          },
          "duration": 858,
          "state": "passed",
          "speed": "slow"
        },
        {
          "type": "test",
          "title": "10. JWT Unsecured Credential Verification",
          "body": "async function() {\n            if (!features[requiredFeature]) {\n              console.log(`Skipping test \"${testName}\" for ${name} due to missing feature: ${requiredFeature}`);\n              this.skip();\n              return;\n            }\n\n            console.log(`Running test: ${testName} for implementation: ${name}`);\n            await generateTestResults(name, testConfig);\n            this.test.cell = {columnId: name, rowId: testName};\n            const result = await checkTestResults(name, testConfig);\n            console.log(`Test result for ${name} - ${testName}: ${result}`);\n            should.equal(result, testConfig.expected_result);\n\n            // Log the test result in a format that matches the report generator's expectations\n            console.log(`Reporter data: ${this.test.cell.columnId},${this.test.cell.rowId},${result}`);\n          }",
          "async": 0,
          "sync": true,
          "_timeout": 150000,
          "_slow": 75,
          "_retries": -1,
          "timedOut": false,
          "_currentRetry": 0,
          "pending": false,
          "file": "/home/runner/work/vc-jose-cose-test-suite/vc-jose-cose-test-suite/tests/test-runner.js",
          "parent": "3MgFLVJ45Tn8a5ZJdyOQB",
          "ctx": null,
          "_testId": "urn:uuid:1ea2553b-38d3-48d6-91be-74d00d2f9baf",
          "_events": {},
          "_eventsCount": 1,
          "timer": {
            "_idleTimeout": -1,
            "_idlePrev": null,
            "_idleNext": null,
            "_idleStart": 24080,
            "_onTimeout": null,
            "_repeat": null,
            "_destroyed": true
          },
          "cell": {
            "columnId": "Mavennet",
            "rowId": "10. JWT Unsecured Credential Verification"
          },
          "duration": 860,
          "state": "passed",
          "speed": "slow"
        },
        {
          "type": "test",
          "title": "11. JWT Unsecured Presentation Verification",
          "body": "async function() {\n            if (!features[requiredFeature]) {\n              console.log(`Skipping test \"${testName}\" for ${name} due to missing feature: ${requiredFeature}`);\n              this.skip();\n              return;\n            }\n\n            console.log(`Running test: ${testName} for implementation: ${name}`);\n            await generateTestResults(name, testConfig);\n            this.test.cell = {columnId: name, rowId: testName};\n            const result = await checkTestResults(name, testConfig);\n            console.log(`Test result for ${name} - ${testName}: ${result}`);\n            should.equal(result, testConfig.expected_result);\n\n            // Log the test result in a format that matches the report generator's expectations\n            console.log(`Reporter data: ${this.test.cell.columnId},${this.test.cell.rowId},${result}`);\n          }",
          "async": 0,
          "sync": true,
          "_timeout": 150000,
          "_slow": 75,
          "_retries": -1,
          "timedOut": false,
          "_currentRetry": 0,
          "pending": false,
          "file": "/home/runner/work/vc-jose-cose-test-suite/vc-jose-cose-test-suite/tests/test-runner.js",
          "parent": "3MgFLVJ45Tn8a5ZJdyOQB",
          "ctx": null,
          "_testId": "urn:uuid:aa0b530e-4ec7-4d58-a0da-0d1e07aed0c0",
          "_events": {},
          "_eventsCount": 1,
          "timer": {
            "_idleTimeout": -1,
            "_idlePrev": null,
            "_idleNext": null,
            "_idleStart": 24947,
            "_onTimeout": null,
            "_repeat": null,
            "_destroyed": true
          },
          "cell": {
            "columnId": "Mavennet",
            "rowId": "11. JWT Unsecured Presentation Verification"
          },
          "duration": 867,
          "state": "passed",
          "speed": "slow"
        },
        {
          "type": "test",
          "title": "12. JWT Credential with an Invalid Signature",
          "body": "async function() {\n            if (!features[requiredFeature]) {\n              console.log(`Skipping test \"${testName}\" for ${name} due to missing feature: ${requiredFeature}`);\n              this.skip();\n              return;\n            }\n\n            console.log(`Running test: ${testName} for implementation: ${name}`);\n            await generateTestResults(name, testConfig);\n            this.test.cell = {columnId: name, rowId: testName};\n            const result = await checkTestResults(name, testConfig);\n            console.log(`Test result for ${name} - ${testName}: ${result}`);\n            should.equal(result, testConfig.expected_result);\n\n            // Log the test result in a format that matches the report generator's expectations\n            console.log(`Reporter data: ${this.test.cell.columnId},${this.test.cell.rowId},${result}`);\n          }",
          "async": 0,
          "sync": true,
          "_timeout": 150000,
          "_slow": 75,
          "_retries": -1,
          "timedOut": false,
          "_currentRetry": 0,
          "pending": false,
          "file": "/home/runner/work/vc-jose-cose-test-suite/vc-jose-cose-test-suite/tests/test-runner.js",
          "parent": "3MgFLVJ45Tn8a5ZJdyOQB",
          "ctx": null,
          "_testId": "urn:uuid:168f18cd-57d1-4564-9522-8bb07f5f99b4",
          "_events": {},
          "_eventsCount": 1,
          "timer": {
            "_idleTimeout": -1,
            "_idlePrev": null,
            "_idleNext": null,
            "_idleStart": 25798,
            "_onTimeout": null,
            "_repeat": null,
            "_destroyed": true
          },
          "cell": {
            "columnId": "Mavennet",
            "rowId": "12. JWT Credential with an Invalid Signature"
          },
          "duration": 851,
          "state": "passed",
          "speed": "slow"
        },
        {
          "type": "test",
          "title": "13. JWT Credential with an Invalid Media Type",
          "body": "async function() {\n            if (!features[requiredFeature]) {\n              console.log(`Skipping test \"${testName}\" for ${name} due to missing feature: ${requiredFeature}`);\n              this.skip();\n              return;\n            }\n\n            console.log(`Running test: ${testName} for implementation: ${name}`);\n            await generateTestResults(name, testConfig);\n            this.test.cell = {columnId: name, rowId: testName};\n            const result = await checkTestResults(name, testConfig);\n            console.log(`Test result for ${name} - ${testName}: ${result}`);\n            should.equal(result, testConfig.expected_result);\n\n            // Log the test result in a format that matches the report generator's expectations\n            console.log(`Reporter data: ${this.test.cell.columnId},${this.test.cell.rowId},${result}`);\n          }",
          "async": 0,
          "sync": true,
          "_timeout": 150000,
          "_slow": 75,
          "_retries": -1,
          "timedOut": false,
          "_currentRetry": 0,
          "pending": false,
          "file": "/home/runner/work/vc-jose-cose-test-suite/vc-jose-cose-test-suite/tests/test-runner.js",
          "parent": "3MgFLVJ45Tn8a5ZJdyOQB",
          "ctx": null,
          "_testId": "urn:uuid:8e1f4bce-b046-4820-9628-9f5a1eca9aac",
          "_events": {},
          "_eventsCount": 1,
          "timer": {
            "_idleTimeout": -1,
            "_idlePrev": null,
            "_idleNext": null,
            "_idleStart": 26650,
            "_onTimeout": null,
            "_repeat": null,
            "_destroyed": true
          },
          "cell": {
            "columnId": "Mavennet",
            "rowId": "13. JWT Credential with an Invalid Media Type"
          },
          "duration": 852,
          "state": "passed",
          "speed": "slow"
        },
        {
          "type": "test",
          "title": "14. JWT Presentation with an Invalid Media Type",
          "body": "async function() {\n            if (!features[requiredFeature]) {\n              console.log(`Skipping test \"${testName}\" for ${name} due to missing feature: ${requiredFeature}`);\n              this.skip();\n              return;\n            }\n\n            console.log(`Running test: ${testName} for implementation: ${name}`);\n            await generateTestResults(name, testConfig);\n            this.test.cell = {columnId: name, rowId: testName};\n            const result = await checkTestResults(name, testConfig);\n            console.log(`Test result for ${name} - ${testName}: ${result}`);\n            should.equal(result, testConfig.expected_result);\n\n            // Log the test result in a format that matches the report generator's expectations\n            console.log(`Reporter data: ${this.test.cell.columnId},${this.test.cell.rowId},${result}`);\n          }",
          "async": 0,
          "sync": true,
          "_timeout": 150000,
          "_slow": 75,
          "_retries": -1,
          "timedOut": false,
          "_currentRetry": 0,
          "pending": false,
          "file": "/home/runner/work/vc-jose-cose-test-suite/vc-jose-cose-test-suite/tests/test-runner.js",
          "parent": "3MgFLVJ45Tn8a5ZJdyOQB",
          "ctx": null,
          "_testId": "urn:uuid:a2cf1420-5509-47ca-b8c6-f763020e31b1",
          "_events": {},
          "_eventsCount": 1,
          "timer": {
            "_idleTimeout": -1,
            "_idlePrev": null,
            "_idleNext": null,
            "_idleStart": 27500,
            "_onTimeout": null,
            "_repeat": null,
            "_destroyed": true
          },
          "cell": {
            "columnId": "Mavennet",
            "rowId": "14. JWT Presentation with an Invalid Media Type"
          },
          "duration": 851,
          "state": "passed",
          "speed": "slow"
        },
        {
          "type": "test",
          "title": "15. JWT Credential with vc and/or vp Claims",
          "body": "async function() {\n            if (!features[requiredFeature]) {\n              console.log(`Skipping test \"${testName}\" for ${name} due to missing feature: ${requiredFeature}`);\n              this.skip();\n              return;\n            }\n\n            console.log(`Running test: ${testName} for implementation: ${name}`);\n            await generateTestResults(name, testConfig);\n            this.test.cell = {columnId: name, rowId: testName};\n            const result = await checkTestResults(name, testConfig);\n            console.log(`Test result for ${name} - ${testName}: ${result}`);\n            should.equal(result, testConfig.expected_result);\n\n            // Log the test result in a format that matches the report generator's expectations\n            console.log(`Reporter data: ${this.test.cell.columnId},${this.test.cell.rowId},${result}`);\n          }",
          "async": 0,
          "sync": true,
          "_timeout": 150000,
          "_slow": 75,
          "_retries": -1,
          "timedOut": false,
          "_currentRetry": 0,
          "pending": false,
          "file": "/home/runner/work/vc-jose-cose-test-suite/vc-jose-cose-test-suite/tests/test-runner.js",
          "parent": "3MgFLVJ45Tn8a5ZJdyOQB",
          "ctx": null,
          "_testId": "urn:uuid:16345a24-b0fe-47a6-8f8e-c5101138270c",
          "_events": {},
          "_eventsCount": 1,
          "timer": {
            "_idleTimeout": -1,
            "_idlePrev": null,
            "_idleNext": null,
            "_idleStart": 28371,
            "_onTimeout": null,
            "_repeat": null,
            "_destroyed": true
          },
          "cell": {
            "columnId": "Mavennet",
            "rowId": "15. JWT Credential with vc and/or vp Claims"
          },
          "duration": 871,
          "state": "passed",
          "speed": "slow"
        },
        {
          "type": "test",
          "title": "16. JWT Presentation with Invalid Credential",
          "body": "async function() {\n            if (!features[requiredFeature]) {\n              console.log(`Skipping test \"${testName}\" for ${name} due to missing feature: ${requiredFeature}`);\n              this.skip();\n              return;\n            }\n\n            console.log(`Running test: ${testName} for implementation: ${name}`);\n            await generateTestResults(name, testConfig);\n            this.test.cell = {columnId: name, rowId: testName};\n            const result = await checkTestResults(name, testConfig);\n            console.log(`Test result for ${name} - ${testName}: ${result}`);\n            should.equal(result, testConfig.expected_result);\n\n            // Log the test result in a format that matches the report generator's expectations\n            console.log(`Reporter data: ${this.test.cell.columnId},${this.test.cell.rowId},${result}`);\n          }",
          "async": 0,
          "sync": true,
          "_timeout": 150000,
          "_slow": 75,
          "_retries": -1,
          "timedOut": false,
          "_currentRetry": 0,
          "pending": false,
          "file": "/home/runner/work/vc-jose-cose-test-suite/vc-jose-cose-test-suite/tests/test-runner.js",
          "parent": "3MgFLVJ45Tn8a5ZJdyOQB",
          "ctx": null,
          "_testId": "urn:uuid:9c9c1769-3743-484c-b4bc-615b9865bbbf",
          "_events": {},
          "_eventsCount": 1,
          "timer": {
            "_idleTimeout": -1,
            "_idlePrev": null,
            "_idleNext": null,
            "_idleStart": 29242,
            "_onTimeout": null,
            "_repeat": null,
            "_destroyed": true
          },
          "cell": {
            "columnId": "Mavennet",
            "rowId": "16. JWT Presentation with Invalid Credential"
          },
          "duration": 870,
          "state": "passed",
          "speed": "slow"
        },
        {
          "type": "test",
          "title": "1. JWT Basic Credential Issuance",
          "body": "async function() {\n            if (!features[requiredFeature]) {\n              console.log(`Skipping test \"${testName}\" for ${name} due to missing feature: ${requiredFeature}`);\n              this.skip();\n              return;\n            }\n\n            console.log(`Running test: ${testName} for implementation: ${name}`);\n            await generateTestResults(name, testConfig);\n            this.test.cell = {columnId: name, rowId: testName};\n            const result = await checkTestResults(name, testConfig);\n            console.log(`Test result for ${name} - ${testName}: ${result}`);\n            should.equal(result, testConfig.expected_result);\n\n            // Log the test result in a format that matches the report generator's expectations\n            console.log(`Reporter data: ${this.test.cell.columnId},${this.test.cell.rowId},${result}`);\n          }",
          "async": 0,
          "sync": true,
          "_timeout": 150000,
          "_slow": 75,
          "_retries": -1,
          "timedOut": false,
          "_currentRetry": 0,
          "pending": false,
          "file": "/home/runner/work/vc-jose-cose-test-suite/vc-jose-cose-test-suite/tests/test-runner.js",
          "parent": "JpP_yB61NxBrZtQm0ZAXy",
          "ctx": null,
          "_testId": "urn:uuid:d78f7d73-56b0-4066-9bad-712f7ea4b60a",
          "_events": {},
          "_eventsCount": 1,
          "timer": {
            "_idleTimeout": -1,
            "_idlePrev": null,
            "_idleNext": null,
            "_idleStart": 33668,
            "_onTimeout": null,
            "_repeat": null,
            "_destroyed": true
          },
          "cell": {
            "columnId": "Tradeverifyd",
            "rowId": "1. JWT Basic Credential Issuance"
          },
          "duration": 4425,
          "state": "passed",
          "speed": "slow"
        },
        {
          "type": "test",
          "title": "2. JWT Credential Issuance with All Optional Fields",
          "body": "async function() {\n            if (!features[requiredFeature]) {\n              console.log(`Skipping test \"${testName}\" for ${name} due to missing feature: ${requiredFeature}`);\n              this.skip();\n              return;\n            }\n\n            console.log(`Running test: ${testName} for implementation: ${name}`);\n            await generateTestResults(name, testConfig);\n            this.test.cell = {columnId: name, rowId: testName};\n            const result = await checkTestResults(name, testConfig);\n            console.log(`Test result for ${name} - ${testName}: ${result}`);\n            should.equal(result, testConfig.expected_result);\n\n            // Log the test result in a format that matches the report generator's expectations\n            console.log(`Reporter data: ${this.test.cell.columnId},${this.test.cell.rowId},${result}`);\n          }",
          "async": 0,
          "sync": true,
          "_timeout": 150000,
          "_slow": 75,
          "_retries": -1,
          "timedOut": false,
          "_currentRetry": 0,
          "pending": false,
          "file": "/home/runner/work/vc-jose-cose-test-suite/vc-jose-cose-test-suite/tests/test-runner.js",
          "parent": "JpP_yB61NxBrZtQm0ZAXy",
          "ctx": null,
          "_testId": "urn:uuid:76318c19-e14a-4dae-b0c5-8f82e093a2a6",
          "_events": {},
          "_eventsCount": 1,
          "timer": {
            "_idleTimeout": -1,
            "_idlePrev": null,
            "_idleNext": null,
            "_idleStart": 34846,
            "_onTimeout": null,
            "_repeat": null,
            "_destroyed": true
          },
          "cell": {
            "columnId": "Tradeverifyd",
            "rowId": "2. JWT Credential Issuance with All Optional Fields"
          },
          "duration": 1178,
          "state": "passed",
          "speed": "slow"
        },
        {
          "type": "test",
          "title": "3. JWT Basic Presentation Issuance",
          "body": "async function() {\n            if (!features[requiredFeature]) {\n              console.log(`Skipping test \"${testName}\" for ${name} due to missing feature: ${requiredFeature}`);\n              this.skip();\n              return;\n            }\n\n            console.log(`Running test: ${testName} for implementation: ${name}`);\n            await generateTestResults(name, testConfig);\n            this.test.cell = {columnId: name, rowId: testName};\n            const result = await checkTestResults(name, testConfig);\n            console.log(`Test result for ${name} - ${testName}: ${result}`);\n            should.equal(result, testConfig.expected_result);\n\n            // Log the test result in a format that matches the report generator's expectations\n            console.log(`Reporter data: ${this.test.cell.columnId},${this.test.cell.rowId},${result}`);\n          }",
          "async": 0,
          "sync": true,
          "_timeout": 150000,
          "_slow": 75,
          "_retries": -1,
          "timedOut": false,
          "_currentRetry": 0,
          "pending": false,
          "file": "/home/runner/work/vc-jose-cose-test-suite/vc-jose-cose-test-suite/tests/test-runner.js",
          "parent": "JpP_yB61NxBrZtQm0ZAXy",
          "ctx": null,
          "_testId": "urn:uuid:158a633e-9113-4fd1-88d0-4d20a46308b0",
          "_events": {},
          "_eventsCount": 1,
          "timer": {
            "_idleTimeout": -1,
            "_idlePrev": null,
            "_idleNext": null,
            "_idleStart": 36011,
            "_onTimeout": null,
            "_repeat": null,
            "_destroyed": true
          },
          "cell": {
            "columnId": "Tradeverifyd",
            "rowId": "3. JWT Basic Presentation Issuance"
          },
          "duration": 1165,
          "state": "passed",
          "speed": "slow"
        },
        {
          "type": "test",
          "title": "4. JWT Complex Presentation Issuance",
          "body": "async function() {\n            if (!features[requiredFeature]) {\n              console.log(`Skipping test \"${testName}\" for ${name} due to missing feature: ${requiredFeature}`);\n              this.skip();\n              return;\n            }\n\n            console.log(`Running test: ${testName} for implementation: ${name}`);\n            await generateTestResults(name, testConfig);\n            this.test.cell = {columnId: name, rowId: testName};\n            const result = await checkTestResults(name, testConfig);\n            console.log(`Test result for ${name} - ${testName}: ${result}`);\n            should.equal(result, testConfig.expected_result);\n\n            // Log the test result in a format that matches the report generator's expectations\n            console.log(`Reporter data: ${this.test.cell.columnId},${this.test.cell.rowId},${result}`);\n          }",
          "async": 0,
          "sync": true,
          "_timeout": 150000,
          "_slow": 75,
          "_retries": -1,
          "timedOut": false,
          "_currentRetry": 0,
          "pending": false,
          "file": "/home/runner/work/vc-jose-cose-test-suite/vc-jose-cose-test-suite/tests/test-runner.js",
          "parent": "JpP_yB61NxBrZtQm0ZAXy",
          "ctx": null,
          "_testId": "urn:uuid:21a60ada-4ca2-4cf6-8749-7cab5e121a9c",
          "_events": {},
          "_eventsCount": 1,
          "timer": {
            "_idleTimeout": -1,
            "_idlePrev": null,
            "_idleNext": null,
            "_idleStart": 37208,
            "_onTimeout": null,
            "_repeat": null,
            "_destroyed": true
          },
          "cell": {
            "columnId": "Tradeverifyd",
            "rowId": "4. JWT Complex Presentation Issuance"
          },
          "duration": 1197,
          "state": "passed",
          "speed": "slow"
        },
        {
          "type": "test",
          "title": "5. JWT Issuance with Unknown Extensions",
          "body": "async function() {\n            if (!features[requiredFeature]) {\n              console.log(`Skipping test \"${testName}\" for ${name} due to missing feature: ${requiredFeature}`);\n              this.skip();\n              return;\n            }\n\n            console.log(`Running test: ${testName} for implementation: ${name}`);\n            await generateTestResults(name, testConfig);\n            this.test.cell = {columnId: name, rowId: testName};\n            const result = await checkTestResults(name, testConfig);\n            console.log(`Test result for ${name} - ${testName}: ${result}`);\n            should.equal(result, testConfig.expected_result);\n\n            // Log the test result in a format that matches the report generator's expectations\n            console.log(`Reporter data: ${this.test.cell.columnId},${this.test.cell.rowId},${result}`);\n          }",
          "async": 0,
          "sync": true,
          "_timeout": 150000,
          "_slow": 75,
          "_retries": -1,
          "timedOut": false,
          "_currentRetry": 0,
          "pending": false,
          "file": "/home/runner/work/vc-jose-cose-test-suite/vc-jose-cose-test-suite/tests/test-runner.js",
          "parent": "JpP_yB61NxBrZtQm0ZAXy",
          "ctx": null,
          "_testId": "urn:uuid:d53737aa-7a34-425f-b7e7-97bfec2d4936",
          "_events": {},
          "_eventsCount": 1,
          "timer": {
            "_idleTimeout": -1,
            "_idlePrev": null,
            "_idleNext": null,
            "_idleStart": 38385,
            "_onTimeout": null,
            "_repeat": null,
            "_destroyed": true
          },
          "cell": {
            "columnId": "Tradeverifyd",
            "rowId": "5. JWT Issuance with Unknown Extensions"
          },
          "duration": 1177,
          "state": "passed",
          "speed": "slow"
        },
        {
          "type": "test",
          "title": "6. JWT Basic Credential Verification",
          "body": "async function() {\n            if (!features[requiredFeature]) {\n              console.log(`Skipping test \"${testName}\" for ${name} due to missing feature: ${requiredFeature}`);\n              this.skip();\n              return;\n            }\n\n            console.log(`Running test: ${testName} for implementation: ${name}`);\n            await generateTestResults(name, testConfig);\n            this.test.cell = {columnId: name, rowId: testName};\n            const result = await checkTestResults(name, testConfig);\n            console.log(`Test result for ${name} - ${testName}: ${result}`);\n            should.equal(result, testConfig.expected_result);\n\n            // Log the test result in a format that matches the report generator's expectations\n            console.log(`Reporter data: ${this.test.cell.columnId},${this.test.cell.rowId},${result}`);\n          }",
          "async": 0,
          "sync": true,
          "_timeout": 150000,
          "_slow": 75,
          "_retries": -1,
          "timedOut": false,
          "_currentRetry": 0,
          "pending": false,
          "file": "/home/runner/work/vc-jose-cose-test-suite/vc-jose-cose-test-suite/tests/test-runner.js",
          "parent": "JpP_yB61NxBrZtQm0ZAXy",
          "ctx": null,
          "_testId": "urn:uuid:24f4cd60-29a1-4d4a-a749-bfec52be93cf",
          "_events": {},
          "_eventsCount": 1,
          "timer": {
            "_idleTimeout": -1,
            "_idlePrev": null,
            "_idleNext": null,
            "_idleStart": 39557,
            "_onTimeout": null,
            "_repeat": null,
            "_destroyed": true
          },
          "cell": {
            "columnId": "Tradeverifyd",
            "rowId": "6. JWT Basic Credential Verification"
          },
          "duration": 1172,
          "state": "passed",
          "speed": "slow"
        },
        {
          "type": "test",
          "title": "7. JWT Presentation Verification",
          "body": "async function() {\n            if (!features[requiredFeature]) {\n              console.log(`Skipping test \"${testName}\" for ${name} due to missing feature: ${requiredFeature}`);\n              this.skip();\n              return;\n            }\n\n            console.log(`Running test: ${testName} for implementation: ${name}`);\n            await generateTestResults(name, testConfig);\n            this.test.cell = {columnId: name, rowId: testName};\n            const result = await checkTestResults(name, testConfig);\n            console.log(`Test result for ${name} - ${testName}: ${result}`);\n            should.equal(result, testConfig.expected_result);\n\n            // Log the test result in a format that matches the report generator's expectations\n            console.log(`Reporter data: ${this.test.cell.columnId},${this.test.cell.rowId},${result}`);\n          }",
          "async": 0,
          "sync": true,
          "_timeout": 150000,
          "_slow": 75,
          "_retries": -1,
          "timedOut": false,
          "_currentRetry": 0,
          "pending": false,
          "file": "/home/runner/work/vc-jose-cose-test-suite/vc-jose-cose-test-suite/tests/test-runner.js",
          "parent": "JpP_yB61NxBrZtQm0ZAXy",
          "ctx": null,
          "_testId": "urn:uuid:db10a916-15f5-4809-8cc8-106dbd012307",
          "_events": {},
          "_eventsCount": 1,
          "timer": {
            "_idleTimeout": -1,
            "_idlePrev": null,
            "_idleNext": null,
            "_idleStart": 40728,
            "_onTimeout": null,
            "_repeat": null,
            "_destroyed": true
          },
          "cell": {
            "columnId": "Tradeverifyd",
            "rowId": "7. JWT Presentation Verification"
          },
          "duration": 1171,
          "state": "passed",
          "speed": "slow"
        },
        {
          "type": "test",
          "title": "8. JWT Issuer Match Verification",
          "body": "async function() {\n            if (!features[requiredFeature]) {\n              console.log(`Skipping test \"${testName}\" for ${name} due to missing feature: ${requiredFeature}`);\n              this.skip();\n              return;\n            }\n\n            console.log(`Running test: ${testName} for implementation: ${name}`);\n            await generateTestResults(name, testConfig);\n            this.test.cell = {columnId: name, rowId: testName};\n            const result = await checkTestResults(name, testConfig);\n            console.log(`Test result for ${name} - ${testName}: ${result}`);\n            should.equal(result, testConfig.expected_result);\n\n            // Log the test result in a format that matches the report generator's expectations\n            console.log(`Reporter data: ${this.test.cell.columnId},${this.test.cell.rowId},${result}`);\n          }",
          "async": 0,
          "sync": true,
          "_timeout": 150000,
          "_slow": 75,
          "_retries": -1,
          "timedOut": false,
          "_currentRetry": 0,
          "pending": false,
          "file": "/home/runner/work/vc-jose-cose-test-suite/vc-jose-cose-test-suite/tests/test-runner.js",
          "parent": "JpP_yB61NxBrZtQm0ZAXy",
          "ctx": null,
          "_testId": "urn:uuid:bf062744-a87b-478c-9991-e937b4e1c7a7",
          "_events": {},
          "_eventsCount": 1,
          "timer": {
            "_idleTimeout": -1,
            "_idlePrev": null,
            "_idleNext": null,
            "_idleStart": 41912,
            "_onTimeout": null,
            "_repeat": null,
            "_destroyed": true
          },
          "cell": {
            "columnId": "Tradeverifyd",
            "rowId": "8. JWT Issuer Match Verification"
          },
          "duration": 1184,
          "state": "passed",
          "speed": "slow"
        },
        {
          "type": "test",
          "title": "9. JWT Verification With Unknown Extensions",
          "body": "async function() {\n            if (!features[requiredFeature]) {\n              console.log(`Skipping test \"${testName}\" for ${name} due to missing feature: ${requiredFeature}`);\n              this.skip();\n              return;\n            }\n\n            console.log(`Running test: ${testName} for implementation: ${name}`);\n            await generateTestResults(name, testConfig);\n            this.test.cell = {columnId: name, rowId: testName};\n            const result = await checkTestResults(name, testConfig);\n            console.log(`Test result for ${name} - ${testName}: ${result}`);\n            should.equal(result, testConfig.expected_result);\n\n            // Log the test result in a format that matches the report generator's expectations\n            console.log(`Reporter data: ${this.test.cell.columnId},${this.test.cell.rowId},${result}`);\n          }",
          "async": 0,
          "sync": true,
          "_timeout": 150000,
          "_slow": 75,
          "_retries": -1,
          "timedOut": false,
          "_currentRetry": 0,
          "pending": false,
          "file": "/home/runner/work/vc-jose-cose-test-suite/vc-jose-cose-test-suite/tests/test-runner.js",
          "parent": "JpP_yB61NxBrZtQm0ZAXy",
          "ctx": null,
          "_testId": "urn:uuid:4718b403-ad21-40f2-b12a-04b8b40349b0",
          "_events": {},
          "_eventsCount": 1,
          "timer": {
            "_idleTimeout": -1,
            "_idlePrev": null,
            "_idleNext": null,
            "_idleStart": 43084,
            "_onTimeout": null,
            "_repeat": null,
            "_destroyed": true
          },
          "cell": {
            "columnId": "Tradeverifyd",
            "rowId": "9. JWT Verification With Unknown Extensions"
          },
          "duration": 1172,
          "state": "passed",
          "speed": "slow"
        },
        {
          "type": "test",
          "title": "10. JWT Unsecured Credential Verification",
          "body": "async function() {\n            if (!features[requiredFeature]) {\n              console.log(`Skipping test \"${testName}\" for ${name} due to missing feature: ${requiredFeature}`);\n              this.skip();\n              return;\n            }\n\n            console.log(`Running test: ${testName} for implementation: ${name}`);\n            await generateTestResults(name, testConfig);\n            this.test.cell = {columnId: name, rowId: testName};\n            const result = await checkTestResults(name, testConfig);\n            console.log(`Test result for ${name} - ${testName}: ${result}`);\n            should.equal(result, testConfig.expected_result);\n\n            // Log the test result in a format that matches the report generator's expectations\n            console.log(`Reporter data: ${this.test.cell.columnId},${this.test.cell.rowId},${result}`);\n          }",
          "async": 0,
          "sync": true,
          "_timeout": 150000,
          "_slow": 75,
          "_retries": -1,
          "timedOut": false,
          "_currentRetry": 0,
          "pending": false,
          "file": "/home/runner/work/vc-jose-cose-test-suite/vc-jose-cose-test-suite/tests/test-runner.js",
          "parent": "JpP_yB61NxBrZtQm0ZAXy",
          "ctx": null,
          "_testId": "urn:uuid:a4887bf6-9ac4-47dd-861c-98f575e24fe3",
          "_events": {},
          "_eventsCount": 1,
          "timer": {
            "_idleTimeout": -1,
            "_idlePrev": null,
            "_idleNext": null,
            "_idleStart": 44259,
            "_onTimeout": null,
            "_repeat": null,
            "_destroyed": true
          },
          "cell": {
            "columnId": "Tradeverifyd",
            "rowId": "10. JWT Unsecured Credential Verification"
          },
          "duration": 1175,
          "state": "passed",
          "speed": "slow"
        },
        {
          "type": "test",
          "title": "11. JWT Unsecured Presentation Verification",
          "body": "async function() {\n            if (!features[requiredFeature]) {\n              console.log(`Skipping test \"${testName}\" for ${name} due to missing feature: ${requiredFeature}`);\n              this.skip();\n              return;\n            }\n\n            console.log(`Running test: ${testName} for implementation: ${name}`);\n            await generateTestResults(name, testConfig);\n            this.test.cell = {columnId: name, rowId: testName};\n            const result = await checkTestResults(name, testConfig);\n            console.log(`Test result for ${name} - ${testName}: ${result}`);\n            should.equal(result, testConfig.expected_result);\n\n            // Log the test result in a format that matches the report generator's expectations\n            console.log(`Reporter data: ${this.test.cell.columnId},${this.test.cell.rowId},${result}`);\n          }",
          "async": 0,
          "sync": true,
          "_timeout": 150000,
          "_slow": 75,
          "_retries": -1,
          "timedOut": false,
          "_currentRetry": 0,
          "pending": false,
          "file": "/home/runner/work/vc-jose-cose-test-suite/vc-jose-cose-test-suite/tests/test-runner.js",
          "parent": "JpP_yB61NxBrZtQm0ZAXy",
          "ctx": null,
          "_testId": "urn:uuid:328d4ab6-b7ec-412f-8a0f-9350f5eb6003",
          "_events": {},
          "_eventsCount": 1,
          "timer": {
            "_idleTimeout": -1,
            "_idlePrev": null,
            "_idleNext": null,
            "_idleStart": 45426,
            "_onTimeout": null,
            "_repeat": null,
            "_destroyed": true
          },
          "cell": {
            "columnId": "Tradeverifyd",
            "rowId": "11. JWT Unsecured Presentation Verification"
          },
          "duration": 1167,
          "state": "passed",
          "speed": "slow"
        },
        {
          "type": "test",
          "title": "12. JWT Credential with an Invalid Signature",
          "body": "async function() {\n            if (!features[requiredFeature]) {\n              console.log(`Skipping test \"${testName}\" for ${name} due to missing feature: ${requiredFeature}`);\n              this.skip();\n              return;\n            }\n\n            console.log(`Running test: ${testName} for implementation: ${name}`);\n            await generateTestResults(name, testConfig);\n            this.test.cell = {columnId: name, rowId: testName};\n            const result = await checkTestResults(name, testConfig);\n            console.log(`Test result for ${name} - ${testName}: ${result}`);\n            should.equal(result, testConfig.expected_result);\n\n            // Log the test result in a format that matches the report generator's expectations\n            console.log(`Reporter data: ${this.test.cell.columnId},${this.test.cell.rowId},${result}`);\n          }",
          "async": 0,
          "sync": true,
          "_timeout": 150000,
          "_slow": 75,
          "_retries": -1,
          "timedOut": false,
          "_currentRetry": 0,
          "pending": false,
          "file": "/home/runner/work/vc-jose-cose-test-suite/vc-jose-cose-test-suite/tests/test-runner.js",
          "parent": "JpP_yB61NxBrZtQm0ZAXy",
          "ctx": null,
          "_testId": "urn:uuid:83d46e2a-7443-475a-b2df-987279ae061d",
          "_events": {},
          "_eventsCount": 1,
          "timer": {
            "_idleTimeout": -1,
            "_idlePrev": null,
            "_idleNext": null,
            "_idleStart": 46600,
            "_onTimeout": null,
            "_repeat": null,
            "_destroyed": true
          },
          "cell": {
            "columnId": "Tradeverifyd",
            "rowId": "12. JWT Credential with an Invalid Signature"
          },
          "duration": 1174,
          "state": "passed",
          "speed": "slow"
        },
        {
          "type": "test",
          "title": "13. JWT Credential with an Invalid Media Type",
          "body": "async function() {\n            if (!features[requiredFeature]) {\n              console.log(`Skipping test \"${testName}\" for ${name} due to missing feature: ${requiredFeature}`);\n              this.skip();\n              return;\n            }\n\n            console.log(`Running test: ${testName} for implementation: ${name}`);\n            await generateTestResults(name, testConfig);\n            this.test.cell = {columnId: name, rowId: testName};\n            const result = await checkTestResults(name, testConfig);\n            console.log(`Test result for ${name} - ${testName}: ${result}`);\n            should.equal(result, testConfig.expected_result);\n\n            // Log the test result in a format that matches the report generator's expectations\n            console.log(`Reporter data: ${this.test.cell.columnId},${this.test.cell.rowId},${result}`);\n          }",
          "async": 0,
          "sync": true,
          "_timeout": 150000,
          "_slow": 75,
          "_retries": -1,
          "timedOut": false,
          "_currentRetry": 0,
          "pending": false,
          "file": "/home/runner/work/vc-jose-cose-test-suite/vc-jose-cose-test-suite/tests/test-runner.js",
          "parent": "JpP_yB61NxBrZtQm0ZAXy",
          "ctx": null,
          "_testId": "urn:uuid:e6ca6f36-f6d4-4f02-b59b-68eefc3de230",
          "_events": {},
          "_eventsCount": 1,
          "timer": {
            "_idleTimeout": -1,
            "_idlePrev": null,
            "_idleNext": null,
            "_idleStart": 47772,
            "_onTimeout": null,
            "_repeat": null,
            "_destroyed": true
          },
          "cell": {
            "columnId": "Tradeverifyd",
            "rowId": "13. JWT Credential with an Invalid Media Type"
          },
          "duration": 1172,
          "state": "passed",
          "speed": "slow"
        },
        {
          "type": "test",
          "title": "14. JWT Presentation with an Invalid Media Type",
          "body": "async function() {\n            if (!features[requiredFeature]) {\n              console.log(`Skipping test \"${testName}\" for ${name} due to missing feature: ${requiredFeature}`);\n              this.skip();\n              return;\n            }\n\n            console.log(`Running test: ${testName} for implementation: ${name}`);\n            await generateTestResults(name, testConfig);\n            this.test.cell = {columnId: name, rowId: testName};\n            const result = await checkTestResults(name, testConfig);\n            console.log(`Test result for ${name} - ${testName}: ${result}`);\n            should.equal(result, testConfig.expected_result);\n\n            // Log the test result in a format that matches the report generator's expectations\n            console.log(`Reporter data: ${this.test.cell.columnId},${this.test.cell.rowId},${result}`);\n          }",
          "async": 0,
          "sync": true,
          "_timeout": 150000,
          "_slow": 75,
          "_retries": -1,
          "timedOut": false,
          "_currentRetry": 0,
          "pending": false,
          "file": "/home/runner/work/vc-jose-cose-test-suite/vc-jose-cose-test-suite/tests/test-runner.js",
          "parent": "JpP_yB61NxBrZtQm0ZAXy",
          "ctx": null,
          "_testId": "urn:uuid:28746041-780e-474b-888b-6b03813af1d3",
          "_events": {},
          "_eventsCount": 1,
          "timer": {
            "_idleTimeout": -1,
            "_idlePrev": null,
            "_idleNext": null,
            "_idleStart": 48949,
            "_onTimeout": null,
            "_repeat": null,
            "_destroyed": true
          },
          "cell": {
            "columnId": "Tradeverifyd",
            "rowId": "14. JWT Presentation with an Invalid Media Type"
          },
          "duration": 1178,
          "state": "passed",
          "speed": "slow"
        },
        {
          "type": "test",
          "title": "15. JWT Credential with vc and/or vp Claims",
          "body": "async function() {\n            if (!features[requiredFeature]) {\n              console.log(`Skipping test \"${testName}\" for ${name} due to missing feature: ${requiredFeature}`);\n              this.skip();\n              return;\n            }\n\n            console.log(`Running test: ${testName} for implementation: ${name}`);\n            await generateTestResults(name, testConfig);\n            this.test.cell = {columnId: name, rowId: testName};\n            const result = await checkTestResults(name, testConfig);\n            console.log(`Test result for ${name} - ${testName}: ${result}`);\n            should.equal(result, testConfig.expected_result);\n\n            // Log the test result in a format that matches the report generator's expectations\n            console.log(`Reporter data: ${this.test.cell.columnId},${this.test.cell.rowId},${result}`);\n          }",
          "async": 0,
          "sync": true,
          "_timeout": 150000,
          "_slow": 75,
          "_retries": -1,
          "timedOut": false,
          "_currentRetry": 0,
          "pending": false,
          "file": "/home/runner/work/vc-jose-cose-test-suite/vc-jose-cose-test-suite/tests/test-runner.js",
          "parent": "JpP_yB61NxBrZtQm0ZAXy",
          "ctx": null,
          "_testId": "urn:uuid:ea1d8f55-de19-4e7f-bcdf-341678611f60",
          "_events": {},
          "_eventsCount": 1,
          "timer": {
            "_idleTimeout": -1,
            "_idlePrev": null,
            "_idleNext": null,
            "_idleStart": 50128,
            "_onTimeout": null,
            "_repeat": null,
            "_destroyed": true
          },
          "cell": {
            "columnId": "Tradeverifyd",
            "rowId": "15. JWT Credential with vc and/or vp Claims"
          },
          "duration": 1179,
          "state": "passed",
          "speed": "slow"
        },
        {
          "type": "test",
          "title": "16. JWT Presentation with Invalid Credential",
          "body": "async function() {\n            if (!features[requiredFeature]) {\n              console.log(`Skipping test \"${testName}\" for ${name} due to missing feature: ${requiredFeature}`);\n              this.skip();\n              return;\n            }\n\n            console.log(`Running test: ${testName} for implementation: ${name}`);\n            await generateTestResults(name, testConfig);\n            this.test.cell = {columnId: name, rowId: testName};\n            const result = await checkTestResults(name, testConfig);\n            console.log(`Test result for ${name} - ${testName}: ${result}`);\n            should.equal(result, testConfig.expected_result);\n\n            // Log the test result in a format that matches the report generator's expectations\n            console.log(`Reporter data: ${this.test.cell.columnId},${this.test.cell.rowId},${result}`);\n          }",
          "async": 0,
          "sync": true,
          "_timeout": 150000,
          "_slow": 75,
          "_retries": -1,
          "timedOut": false,
          "_currentRetry": 0,
          "pending": false,
          "file": "/home/runner/work/vc-jose-cose-test-suite/vc-jose-cose-test-suite/tests/test-runner.js",
          "parent": "JpP_yB61NxBrZtQm0ZAXy",
          "ctx": null,
          "_testId": "urn:uuid:d1cbd0f6-d093-412e-800d-9f20571dd515",
          "_events": {},
          "_eventsCount": 1,
          "timer": {
            "_idleTimeout": -1,
            "_idlePrev": null,
            "_idleNext": null,
            "_idleStart": 51306,
            "_onTimeout": null,
            "_repeat": null,
            "_destroyed": true
          },
          "cell": {
            "columnId": "Tradeverifyd",
            "rowId": "16. JWT Presentation with Invalid Credential"
          },
          "duration": 1177,
          "state": "passed",
          "speed": "slow"
        },
        {
          "type": "test",
          "title": "1. JWT Basic Credential Issuance",
          "body": "async function() {\n            if (!features[requiredFeature]) {\n              console.log(`Skipping test \"${testName}\" for ${name} due to missing feature: ${requiredFeature}`);\n              this.skip();\n              return;\n            }\n\n            console.log(`Running test: ${testName} for implementation: ${name}`);\n            await generateTestResults(name, testConfig);\n            this.test.cell = {columnId: name, rowId: testName};\n            const result = await checkTestResults(name, testConfig);\n            console.log(`Test result for ${name} - ${testName}: ${result}`);\n            should.equal(result, testConfig.expected_result);\n\n            // Log the test result in a format that matches the report generator's expectations\n            console.log(`Reporter data: ${this.test.cell.columnId},${this.test.cell.rowId},${result}`);\n          }",
          "async": 0,
          "sync": true,
          "_timeout": 150000,
          "_slow": 75,
          "_retries": -1,
          "timedOut": false,
          "_currentRetry": 0,
          "pending": false,
          "file": "/home/runner/work/vc-jose-cose-test-suite/vc-jose-cose-test-suite/tests/test-runner.js",
          "parent": "YQPMBHNYktfxOycszhS2g",
          "ctx": null,
          "_testId": "urn:uuid:c3e54952-db05-4c55-be3d-89ec826742c7",
          "_events": {},
          "_eventsCount": 1,
          "timer": {
            "_idleTimeout": -1,
            "_idlePrev": null,
            "_idleNext": null,
            "_idleStart": 86104,
            "_onTimeout": null,
            "_repeat": null,
            "_destroyed": true
          },
          "cell": {
            "columnId": "decentralgabe",
            "rowId": "1. JWT Basic Credential Issuance"
          },
          "duration": 34798,
          "state": "passed",
          "speed": "slow"
        },
        {
          "type": "test",
          "title": "2. JWT Credential Issuance with All Optional Fields",
          "body": "async function() {\n            if (!features[requiredFeature]) {\n              console.log(`Skipping test \"${testName}\" for ${name} due to missing feature: ${requiredFeature}`);\n              this.skip();\n              return;\n            }\n\n            console.log(`Running test: ${testName} for implementation: ${name}`);\n            await generateTestResults(name, testConfig);\n            this.test.cell = {columnId: name, rowId: testName};\n            const result = await checkTestResults(name, testConfig);\n            console.log(`Test result for ${name} - ${testName}: ${result}`);\n            should.equal(result, testConfig.expected_result);\n\n            // Log the test result in a format that matches the report generator's expectations\n            console.log(`Reporter data: ${this.test.cell.columnId},${this.test.cell.rowId},${result}`);\n          }",
          "async": 0,
          "sync": true,
          "_timeout": 150000,
          "_slow": 75,
          "_retries": -1,
          "timedOut": false,
          "_currentRetry": 0,
          "pending": false,
          "file": "/home/runner/work/vc-jose-cose-test-suite/vc-jose-cose-test-suite/tests/test-runner.js",
          "parent": "YQPMBHNYktfxOycszhS2g",
          "ctx": null,
          "_testId": "urn:uuid:7c509cec-b6da-452c-be2b-6cfaa3c2c274",
          "_events": {},
          "_eventsCount": 1,
          "timer": {
            "_idleTimeout": -1,
            "_idlePrev": null,
            "_idleNext": null,
            "_idleStart": 86547,
            "_onTimeout": null,
            "_repeat": null,
            "_destroyed": true
          },
          "cell": {
            "columnId": "decentralgabe",
            "rowId": "2. JWT Credential Issuance with All Optional Fields"
          },
          "duration": 442,
          "state": "passed",
          "speed": "slow"
        },
        {
          "type": "test",
          "title": "3. JWT Basic Presentation Issuance",
          "body": "async function() {\n            if (!features[requiredFeature]) {\n              console.log(`Skipping test \"${testName}\" for ${name} due to missing feature: ${requiredFeature}`);\n              this.skip();\n              return;\n            }\n\n            console.log(`Running test: ${testName} for implementation: ${name}`);\n            await generateTestResults(name, testConfig);\n            this.test.cell = {columnId: name, rowId: testName};\n            const result = await checkTestResults(name, testConfig);\n            console.log(`Test result for ${name} - ${testName}: ${result}`);\n            should.equal(result, testConfig.expected_result);\n\n            // Log the test result in a format that matches the report generator's expectations\n            console.log(`Reporter data: ${this.test.cell.columnId},${this.test.cell.rowId},${result}`);\n          }",
          "async": 0,
          "sync": true,
          "_timeout": 150000,
          "_slow": 75,
          "_retries": -1,
          "timedOut": false,
          "_currentRetry": 0,
          "pending": false,
          "file": "/home/runner/work/vc-jose-cose-test-suite/vc-jose-cose-test-suite/tests/test-runner.js",
          "parent": "YQPMBHNYktfxOycszhS2g",
          "ctx": null,
          "_testId": "urn:uuid:b1da8a6c-1e99-4cc1-bf80-99aa325e7eee",
          "_events": {},
          "_eventsCount": 1,
          "timer": {
            "_idleTimeout": -1,
            "_idlePrev": null,
            "_idleNext": null,
            "_idleStart": 86992,
            "_onTimeout": null,
            "_repeat": null,
            "_destroyed": true
          },
          "cell": {
            "columnId": "decentralgabe",
            "rowId": "3. JWT Basic Presentation Issuance"
          },
          "duration": 445,
          "state": "passed",
          "speed": "slow"
        },
        {
          "type": "test",
          "title": "4. JWT Complex Presentation Issuance",
          "body": "async function() {\n            if (!features[requiredFeature]) {\n              console.log(`Skipping test \"${testName}\" for ${name} due to missing feature: ${requiredFeature}`);\n              this.skip();\n              return;\n            }\n\n            console.log(`Running test: ${testName} for implementation: ${name}`);\n            await generateTestResults(name, testConfig);\n            this.test.cell = {columnId: name, rowId: testName};\n            const result = await checkTestResults(name, testConfig);\n            console.log(`Test result for ${name} - ${testName}: ${result}`);\n            should.equal(result, testConfig.expected_result);\n\n            // Log the test result in a format that matches the report generator's expectations\n            console.log(`Reporter data: ${this.test.cell.columnId},${this.test.cell.rowId},${result}`);\n          }",
          "async": 0,
          "sync": true,
          "_timeout": 150000,
          "_slow": 75,
          "_retries": -1,
          "timedOut": false,
          "_currentRetry": 0,
          "pending": false,
          "file": "/home/runner/work/vc-jose-cose-test-suite/vc-jose-cose-test-suite/tests/test-runner.js",
          "parent": "YQPMBHNYktfxOycszhS2g",
          "ctx": null,
          "_testId": "urn:uuid:b546573c-2538-4ba0-b2b7-925c3e414cc1",
          "_events": {},
          "_eventsCount": 1,
          "timer": {
            "_idleTimeout": -1,
            "_idlePrev": null,
            "_idleNext": null,
            "_idleStart": 87444,
            "_onTimeout": null,
            "_repeat": null,
            "_destroyed": true
          },
          "cell": {
            "columnId": "decentralgabe",
            "rowId": "4. JWT Complex Presentation Issuance"
          },
          "duration": 452,
          "state": "passed",
          "speed": "slow"
        },
        {
          "type": "test",
          "title": "5. JWT Issuance with Unknown Extensions",
          "body": "async function() {\n            if (!features[requiredFeature]) {\n              console.log(`Skipping test \"${testName}\" for ${name} due to missing feature: ${requiredFeature}`);\n              this.skip();\n              return;\n            }\n\n            console.log(`Running test: ${testName} for implementation: ${name}`);\n            await generateTestResults(name, testConfig);\n            this.test.cell = {columnId: name, rowId: testName};\n            const result = await checkTestResults(name, testConfig);\n            console.log(`Test result for ${name} - ${testName}: ${result}`);\n            should.equal(result, testConfig.expected_result);\n\n            // Log the test result in a format that matches the report generator's expectations\n            console.log(`Reporter data: ${this.test.cell.columnId},${this.test.cell.rowId},${result}`);\n          }",
          "async": 0,
          "sync": true,
          "_timeout": 150000,
          "_slow": 75,
          "_retries": -1,
          "timedOut": false,
          "_currentRetry": 0,
          "pending": false,
          "file": "/home/runner/work/vc-jose-cose-test-suite/vc-jose-cose-test-suite/tests/test-runner.js",
          "parent": "YQPMBHNYktfxOycszhS2g",
          "ctx": null,
          "_testId": "urn:uuid:e0ffec4a-63e9-460b-ab6f-c5aa8059af25",
          "_events": {},
          "_eventsCount": 1,
          "timer": {
            "_idleTimeout": -1,
            "_idlePrev": null,
            "_idleNext": null,
            "_idleStart": 87880,
            "_onTimeout": null,
            "_repeat": null,
            "_destroyed": true
          },
          "cell": {
            "columnId": "decentralgabe",
            "rowId": "5. JWT Issuance with Unknown Extensions"
          },
          "duration": 436,
          "state": "passed",
          "speed": "slow"
        },
        {
          "type": "test",
          "title": "6. JWT Basic Credential Verification",
          "body": "async function() {\n            if (!features[requiredFeature]) {\n              console.log(`Skipping test \"${testName}\" for ${name} due to missing feature: ${requiredFeature}`);\n              this.skip();\n              return;\n            }\n\n            console.log(`Running test: ${testName} for implementation: ${name}`);\n            await generateTestResults(name, testConfig);\n            this.test.cell = {columnId: name, rowId: testName};\n            const result = await checkTestResults(name, testConfig);\n            console.log(`Test result for ${name} - ${testName}: ${result}`);\n            should.equal(result, testConfig.expected_result);\n\n            // Log the test result in a format that matches the report generator's expectations\n            console.log(`Reporter data: ${this.test.cell.columnId},${this.test.cell.rowId},${result}`);\n          }",
          "async": 0,
          "sync": true,
          "_timeout": 150000,
          "_slow": 75,
          "_retries": -1,
          "timedOut": false,
          "_currentRetry": 0,
          "pending": false,
          "file": "/home/runner/work/vc-jose-cose-test-suite/vc-jose-cose-test-suite/tests/test-runner.js",
          "parent": "YQPMBHNYktfxOycszhS2g",
          "ctx": null,
          "_testId": "urn:uuid:a5890b70-89f0-4d23-8cb1-a8d49a20022d",
          "_events": {},
          "_eventsCount": 1,
          "timer": {
            "_idleTimeout": -1,
            "_idlePrev": null,
            "_idleNext": null,
            "_idleStart": 88319,
            "_onTimeout": null,
            "_repeat": null,
            "_destroyed": true
          },
          "cell": {
            "columnId": "decentralgabe",
            "rowId": "6. JWT Basic Credential Verification"
          },
          "duration": 439,
          "state": "passed",
          "speed": "slow"
        },
        {
          "type": "test",
          "title": "7. JWT Presentation Verification",
          "body": "async function() {\n            if (!features[requiredFeature]) {\n              console.log(`Skipping test \"${testName}\" for ${name} due to missing feature: ${requiredFeature}`);\n              this.skip();\n              return;\n            }\n\n            console.log(`Running test: ${testName} for implementation: ${name}`);\n            await generateTestResults(name, testConfig);\n            this.test.cell = {columnId: name, rowId: testName};\n            const result = await checkTestResults(name, testConfig);\n            console.log(`Test result for ${name} - ${testName}: ${result}`);\n            should.equal(result, testConfig.expected_result);\n\n            // Log the test result in a format that matches the report generator's expectations\n            console.log(`Reporter data: ${this.test.cell.columnId},${this.test.cell.rowId},${result}`);\n          }",
          "async": 0,
          "sync": true,
          "_timeout": 150000,
          "_slow": 75,
          "_retries": -1,
          "timedOut": false,
          "_currentRetry": 0,
          "pending": false,
          "file": "/home/runner/work/vc-jose-cose-test-suite/vc-jose-cose-test-suite/tests/test-runner.js",
          "parent": "YQPMBHNYktfxOycszhS2g",
          "ctx": null,
          "_testId": "urn:uuid:735da35a-caad-45ba-a3fc-73c123a73b0b",
          "_events": {},
          "_eventsCount": 1,
          "timer": {
            "_idleTimeout": -1,
            "_idlePrev": null,
            "_idleNext": null,
            "_idleStart": 88763,
            "_onTimeout": null,
            "_repeat": null,
            "_destroyed": true
          },
          "cell": {
            "columnId": "decentralgabe",
            "rowId": "7. JWT Presentation Verification"
          },
          "duration": 444,
          "state": "passed",
          "speed": "slow"
        },
        {
          "type": "test",
          "title": "8. JWT Issuer Match Verification",
          "body": "async function() {\n            if (!features[requiredFeature]) {\n              console.log(`Skipping test \"${testName}\" for ${name} due to missing feature: ${requiredFeature}`);\n              this.skip();\n              return;\n            }\n\n            console.log(`Running test: ${testName} for implementation: ${name}`);\n            await generateTestResults(name, testConfig);\n            this.test.cell = {columnId: name, rowId: testName};\n            const result = await checkTestResults(name, testConfig);\n            console.log(`Test result for ${name} - ${testName}: ${result}`);\n            should.equal(result, testConfig.expected_result);\n\n            // Log the test result in a format that matches the report generator's expectations\n            console.log(`Reporter data: ${this.test.cell.columnId},${this.test.cell.rowId},${result}`);\n          }",
          "async": 0,
          "sync": true,
          "_timeout": 150000,
          "_slow": 75,
          "_retries": -1,
          "timedOut": false,
          "_currentRetry": 0,
          "pending": false,
          "file": "/home/runner/work/vc-jose-cose-test-suite/vc-jose-cose-test-suite/tests/test-runner.js",
          "parent": "YQPMBHNYktfxOycszhS2g",
          "ctx": null,
          "_testId": "urn:uuid:cd4e6cf6-0d28-46ff-94de-4a02ca25df8e",
          "_events": {},
          "_eventsCount": 1,
          "timer": {
            "_idleTimeout": -1,
            "_idlePrev": null,
            "_idleNext": null,
            "_idleStart": 89203,
            "_onTimeout": null,
            "_repeat": null,
            "_destroyed": true
          },
          "cell": {
            "columnId": "decentralgabe",
            "rowId": "8. JWT Issuer Match Verification"
          },
          "duration": 440,
          "state": "passed",
          "speed": "slow"
        },
        {
          "type": "test",
          "title": "9. JWT Verification With Unknown Extensions",
          "body": "async function() {\n            if (!features[requiredFeature]) {\n              console.log(`Skipping test \"${testName}\" for ${name} due to missing feature: ${requiredFeature}`);\n              this.skip();\n              return;\n            }\n\n            console.log(`Running test: ${testName} for implementation: ${name}`);\n            await generateTestResults(name, testConfig);\n            this.test.cell = {columnId: name, rowId: testName};\n            const result = await checkTestResults(name, testConfig);\n            console.log(`Test result for ${name} - ${testName}: ${result}`);\n            should.equal(result, testConfig.expected_result);\n\n            // Log the test result in a format that matches the report generator's expectations\n            console.log(`Reporter data: ${this.test.cell.columnId},${this.test.cell.rowId},${result}`);\n          }",
          "async": 0,
          "sync": true,
          "_timeout": 150000,
          "_slow": 75,
          "_retries": -1,
          "timedOut": false,
          "_currentRetry": 0,
          "pending": false,
          "file": "/home/runner/work/vc-jose-cose-test-suite/vc-jose-cose-test-suite/tests/test-runner.js",
          "parent": "YQPMBHNYktfxOycszhS2g",
          "ctx": null,
          "_testId": "urn:uuid:29282752-9439-4af4-93d3-697d5f711bff",
          "_events": {},
          "_eventsCount": 1,
          "timer": {
            "_idleTimeout": -1,
            "_idlePrev": null,
            "_idleNext": null,
            "_idleStart": 89643,
            "_onTimeout": null,
            "_repeat": null,
            "_destroyed": true
          },
          "cell": {
            "columnId": "decentralgabe",
            "rowId": "9. JWT Verification With Unknown Extensions"
          },
          "duration": 440,
          "state": "passed",
          "speed": "slow"
        },
        {
          "type": "test",
          "title": "10. JWT Unsecured Credential Verification",
          "body": "async function() {\n            if (!features[requiredFeature]) {\n              console.log(`Skipping test \"${testName}\" for ${name} due to missing feature: ${requiredFeature}`);\n              this.skip();\n              return;\n            }\n\n            console.log(`Running test: ${testName} for implementation: ${name}`);\n            await generateTestResults(name, testConfig);\n            this.test.cell = {columnId: name, rowId: testName};\n            const result = await checkTestResults(name, testConfig);\n            console.log(`Test result for ${name} - ${testName}: ${result}`);\n            should.equal(result, testConfig.expected_result);\n\n            // Log the test result in a format that matches the report generator's expectations\n            console.log(`Reporter data: ${this.test.cell.columnId},${this.test.cell.rowId},${result}`);\n          }",
          "async": 0,
          "sync": true,
          "_timeout": 150000,
          "_slow": 75,
          "_retries": -1,
          "timedOut": false,
          "_currentRetry": 0,
          "pending": false,
          "file": "/home/runner/work/vc-jose-cose-test-suite/vc-jose-cose-test-suite/tests/test-runner.js",
          "parent": "YQPMBHNYktfxOycszhS2g",
          "ctx": null,
          "_testId": "urn:uuid:1b2c3100-62eb-44f1-87a6-29aba974eb3c",
          "_events": {},
          "_eventsCount": 1,
          "timer": {
            "_idleTimeout": -1,
            "_idlePrev": null,
            "_idleNext": null,
            "_idleStart": 90087,
            "_onTimeout": null,
            "_repeat": null,
            "_destroyed": true
          },
          "cell": {
            "columnId": "decentralgabe",
            "rowId": "10. JWT Unsecured Credential Verification"
          },
          "duration": 444,
          "state": "passed",
          "speed": "slow"
        },
        {
          "type": "test",
          "title": "11. JWT Unsecured Presentation Verification",
          "body": "async function() {\n            if (!features[requiredFeature]) {\n              console.log(`Skipping test \"${testName}\" for ${name} due to missing feature: ${requiredFeature}`);\n              this.skip();\n              return;\n            }\n\n            console.log(`Running test: ${testName} for implementation: ${name}`);\n            await generateTestResults(name, testConfig);\n            this.test.cell = {columnId: name, rowId: testName};\n            const result = await checkTestResults(name, testConfig);\n            console.log(`Test result for ${name} - ${testName}: ${result}`);\n            should.equal(result, testConfig.expected_result);\n\n            // Log the test result in a format that matches the report generator's expectations\n            console.log(`Reporter data: ${this.test.cell.columnId},${this.test.cell.rowId},${result}`);\n          }",
          "async": 0,
          "sync": true,
          "_timeout": 150000,
          "_slow": 75,
          "_retries": -1,
          "timedOut": false,
          "_currentRetry": 0,
          "pending": false,
          "file": "/home/runner/work/vc-jose-cose-test-suite/vc-jose-cose-test-suite/tests/test-runner.js",
          "parent": "YQPMBHNYktfxOycszhS2g",
          "ctx": null,
          "_testId": "urn:uuid:2eb9a236-06b2-48ee-b38b-7eae738d7470",
          "_events": {},
          "_eventsCount": 1,
          "timer": {
            "_idleTimeout": -1,
            "_idlePrev": null,
            "_idleNext": null,
            "_idleStart": 90524,
            "_onTimeout": null,
            "_repeat": null,
            "_destroyed": true
          },
          "cell": {
            "columnId": "decentralgabe",
            "rowId": "11. JWT Unsecured Presentation Verification"
          },
          "duration": 437,
          "state": "passed",
          "speed": "slow"
        },
        {
          "type": "test",
          "title": "12. JWT Credential with an Invalid Signature",
          "body": "async function() {\n            if (!features[requiredFeature]) {\n              console.log(`Skipping test \"${testName}\" for ${name} due to missing feature: ${requiredFeature}`);\n              this.skip();\n              return;\n            }\n\n            console.log(`Running test: ${testName} for implementation: ${name}`);\n            await generateTestResults(name, testConfig);\n            this.test.cell = {columnId: name, rowId: testName};\n            const result = await checkTestResults(name, testConfig);\n            console.log(`Test result for ${name} - ${testName}: ${result}`);\n            should.equal(result, testConfig.expected_result);\n\n            // Log the test result in a format that matches the report generator's expectations\n            console.log(`Reporter data: ${this.test.cell.columnId},${this.test.cell.rowId},${result}`);\n          }",
          "async": 0,
          "sync": true,
          "_timeout": 150000,
          "_slow": 75,
          "_retries": -1,
          "timedOut": false,
          "_currentRetry": 0,
          "pending": false,
          "file": "/home/runner/work/vc-jose-cose-test-suite/vc-jose-cose-test-suite/tests/test-runner.js",
          "parent": "YQPMBHNYktfxOycszhS2g",
          "ctx": null,
          "_testId": "urn:uuid:fe756983-4fd1-443d-a067-c56c2a60594c",
          "_events": {},
          "_eventsCount": 1,
          "timer": {
            "_idleTimeout": -1,
            "_idlePrev": null,
            "_idleNext": null,
            "_idleStart": 90957,
            "_onTimeout": null,
            "_repeat": null,
            "_destroyed": true
          },
          "cell": {
            "columnId": "decentralgabe",
            "rowId": "12. JWT Credential with an Invalid Signature"
          },
          "duration": 433,
          "state": "passed",
          "speed": "slow"
        },
        {
          "type": "test",
          "title": "13. JWT Credential with an Invalid Media Type",
          "body": "async function() {\n            if (!features[requiredFeature]) {\n              console.log(`Skipping test \"${testName}\" for ${name} due to missing feature: ${requiredFeature}`);\n              this.skip();\n              return;\n            }\n\n            console.log(`Running test: ${testName} for implementation: ${name}`);\n            await generateTestResults(name, testConfig);\n            this.test.cell = {columnId: name, rowId: testName};\n            const result = await checkTestResults(name, testConfig);\n            console.log(`Test result for ${name} - ${testName}: ${result}`);\n            should.equal(result, testConfig.expected_result);\n\n            // Log the test result in a format that matches the report generator's expectations\n            console.log(`Reporter data: ${this.test.cell.columnId},${this.test.cell.rowId},${result}`);\n          }",
          "async": 0,
          "sync": true,
          "_timeout": 150000,
          "_slow": 75,
          "_retries": -1,
          "timedOut": false,
          "_currentRetry": 0,
          "pending": false,
          "file": "/home/runner/work/vc-jose-cose-test-suite/vc-jose-cose-test-suite/tests/test-runner.js",
          "parent": "YQPMBHNYktfxOycszhS2g",
          "ctx": null,
          "_testId": "urn:uuid:5be25f7e-b800-4248-b263-523f25d9a244",
          "_events": {},
          "_eventsCount": 1,
          "timer": {
            "_idleTimeout": -1,
            "_idlePrev": null,
            "_idleNext": null,
            "_idleStart": 91400,
            "_onTimeout": null,
            "_repeat": null,
            "_destroyed": true
          },
          "cell": {
            "columnId": "decentralgabe",
            "rowId": "13. JWT Credential with an Invalid Media Type"
          },
          "duration": 443,
          "state": "passed",
          "speed": "slow"
        },
        {
          "type": "test",
          "title": "14. JWT Presentation with an Invalid Media Type",
          "body": "async function() {\n            if (!features[requiredFeature]) {\n              console.log(`Skipping test \"${testName}\" for ${name} due to missing feature: ${requiredFeature}`);\n              this.skip();\n              return;\n            }\n\n            console.log(`Running test: ${testName} for implementation: ${name}`);\n            await generateTestResults(name, testConfig);\n            this.test.cell = {columnId: name, rowId: testName};\n            const result = await checkTestResults(name, testConfig);\n            console.log(`Test result for ${name} - ${testName}: ${result}`);\n            should.equal(result, testConfig.expected_result);\n\n            // Log the test result in a format that matches the report generator's expectations\n            console.log(`Reporter data: ${this.test.cell.columnId},${this.test.cell.rowId},${result}`);\n          }",
          "async": 0,
          "sync": true,
          "_timeout": 150000,
          "_slow": 75,
          "_retries": -1,
          "timedOut": false,
          "_currentRetry": 0,
          "pending": false,
          "file": "/home/runner/work/vc-jose-cose-test-suite/vc-jose-cose-test-suite/tests/test-runner.js",
          "parent": "YQPMBHNYktfxOycszhS2g",
          "ctx": null,
          "_testId": "urn:uuid:4ea9999b-0d1b-46d0-8a3b-edeada64ed25",
          "_events": {},
          "_eventsCount": 1,
          "timer": {
            "_idleTimeout": -1,
            "_idlePrev": null,
            "_idleNext": null,
            "_idleStart": 91849,
            "_onTimeout": null,
            "_repeat": null,
            "_destroyed": true
          },
          "cell": {
            "columnId": "decentralgabe",
            "rowId": "14. JWT Presentation with an Invalid Media Type"
          },
          "duration": 449,
          "state": "passed",
          "speed": "slow"
        },
        {
          "type": "test",
          "title": "15. JWT Credential with vc and/or vp Claims",
          "body": "async function() {\n            if (!features[requiredFeature]) {\n              console.log(`Skipping test \"${testName}\" for ${name} due to missing feature: ${requiredFeature}`);\n              this.skip();\n              return;\n            }\n\n            console.log(`Running test: ${testName} for implementation: ${name}`);\n            await generateTestResults(name, testConfig);\n            this.test.cell = {columnId: name, rowId: testName};\n            const result = await checkTestResults(name, testConfig);\n            console.log(`Test result for ${name} - ${testName}: ${result}`);\n            should.equal(result, testConfig.expected_result);\n\n            // Log the test result in a format that matches the report generator's expectations\n            console.log(`Reporter data: ${this.test.cell.columnId},${this.test.cell.rowId},${result}`);\n          }",
          "async": 0,
          "sync": true,
          "_timeout": 150000,
          "_slow": 75,
          "_retries": -1,
          "timedOut": false,
          "_currentRetry": 0,
          "pending": false,
          "file": "/home/runner/work/vc-jose-cose-test-suite/vc-jose-cose-test-suite/tests/test-runner.js",
          "parent": "YQPMBHNYktfxOycszhS2g",
          "ctx": null,
          "_testId": "urn:uuid:69e3c945-cc1e-48e7-bcbc-6d2d2e24157e",
          "_events": {},
          "_eventsCount": 1,
          "timer": {
            "_idleTimeout": -1,
            "_idlePrev": null,
            "_idleNext": null,
            "_idleStart": 92297,
            "_onTimeout": null,
            "_repeat": null,
            "_destroyed": true
          },
          "cell": {
            "columnId": "decentralgabe",
            "rowId": "15. JWT Credential with vc and/or vp Claims"
          },
          "duration": 448,
          "state": "passed",
          "speed": "slow"
        },
        {
          "type": "test",
          "title": "16. JWT Presentation with Invalid Credential",
          "body": "async function() {\n            if (!features[requiredFeature]) {\n              console.log(`Skipping test \"${testName}\" for ${name} due to missing feature: ${requiredFeature}`);\n              this.skip();\n              return;\n            }\n\n            console.log(`Running test: ${testName} for implementation: ${name}`);\n            await generateTestResults(name, testConfig);\n            this.test.cell = {columnId: name, rowId: testName};\n            const result = await checkTestResults(name, testConfig);\n            console.log(`Test result for ${name} - ${testName}: ${result}`);\n            should.equal(result, testConfig.expected_result);\n\n            // Log the test result in a format that matches the report generator's expectations\n            console.log(`Reporter data: ${this.test.cell.columnId},${this.test.cell.rowId},${result}`);\n          }",
          "async": 0,
          "sync": true,
          "_timeout": 150000,
          "_slow": 75,
          "_retries": -1,
          "timedOut": false,
          "_currentRetry": 0,
          "pending": false,
          "file": "/home/runner/work/vc-jose-cose-test-suite/vc-jose-cose-test-suite/tests/test-runner.js",
          "parent": "YQPMBHNYktfxOycszhS2g",
          "ctx": null,
          "_testId": "urn:uuid:4434d34d-6ed4-4663-babc-e6b25e7bead4",
          "_events": {},
          "_eventsCount": 1,
          "timer": {
            "_idleTimeout": -1,
            "_idlePrev": null,
            "_idleNext": null,
            "_idleStart": 92741,
            "_onTimeout": null,
            "_repeat": null,
            "_destroyed": true
          },
          "cell": {
            "columnId": "decentralgabe",
            "rowId": "16. JWT Presentation with Invalid Credential"
          },
          "duration": 444,
          "state": "passed",
          "speed": "slow"
        }
      ],
      "root": false,
      "pending": false,
      "_retries": -1,
      "_beforeEach": [],
      "_beforeAll": [],
      "_afterEach": [],
      "_afterAll": [],
      "_timeout": 150000,
      "_slow": 75,
      "_bail": false,
      "_onlyTests": [],
      "_onlySuites": [],
      "delayed": false,
      "parent": "rDt9o6_kqOEyjRD6tydBv",
      "file": "/home/runner/work/vc-jose-cose-test-suite/vc-jose-cose-test-suite/tests/test-runner.js",
      "matrix": true,
      "report": true,
      "implemented": [
        "Mavennet",
        "Tradeverifyd",
        "decentralgabe"
      ],
      "rowLabel": "Test Name",
      "columnLabel": "Implementation",
      "_testId": "urn:uuid:f4d5cd67-499b-4cce-8751-5c9afc59bffb"
    },
    {
      "title": "SD-JWT Tests",
      "ctx": null,
      "suites": [
        {
          "title": "Mavennet",
          "ctx": null,
          "suites": [],
          "tests": [
            {
              "type": "test",
              "title": "17. SD-JWT Basic Credential Issuance",
              "body": "async function() {\n            if (!features[requiredFeature]) {\n              console.log(`Skipping test \"${testName}\" for ${name} due to missing feature: ${requiredFeature}`);\n              this.skip();\n              return;\n            }\n\n            console.log(`Running test: ${testName} for implementation: ${name}`);\n            await generateTestResults(name, testConfig);\n            this.test.cell = {columnId: name, rowId: testName};\n            const result = await checkTestResults(name, testConfig);\n            console.log(`Test result for ${name} - ${testName}: ${result}`);\n            should.equal(result, testConfig.expected_result);\n\n            // Log the test result in a format that matches the report generator's expectations\n            console.log(`Reporter data: ${this.test.cell.columnId},${this.test.cell.rowId},${result}`);\n          }",
              "async": 0,
              "sync": true,
              "_timeout": 150000,
              "_slow": 75,
              "_retries": -1,
              "timedOut": false,
              "_currentRetry": 0,
              "pending": true,
              "file": "/home/runner/work/vc-jose-cose-test-suite/vc-jose-cose-test-suite/tests/test-runner.js",
              "parent": "cBwCiKpBGRSGfy0G8p0m6",
              "ctx": null,
              "_testId": "urn:uuid:5dabe68e-7835-4340-9e00-55248721b08f",
              "_events": {},
              "_eventsCount": 1,
              "timer": {
                "_idleTimeout": -1,
                "_idlePrev": null,
                "_idleNext": null,
                "_idleStart": 92892,
                "_onTimeout": null,
                "_repeat": null,
                "_destroyed": true
              },
              "duration": 0,
              "state": "pending"
            },
            {
              "type": "test",
              "title": "18. SD-JWT Complex Credential Issuance",
              "body": "async function() {\n            if (!features[requiredFeature]) {\n              console.log(`Skipping test \"${testName}\" for ${name} due to missing feature: ${requiredFeature}`);\n              this.skip();\n              return;\n            }\n\n            console.log(`Running test: ${testName} for implementation: ${name}`);\n            await generateTestResults(name, testConfig);\n            this.test.cell = {columnId: name, rowId: testName};\n            const result = await checkTestResults(name, testConfig);\n            console.log(`Test result for ${name} - ${testName}: ${result}`);\n            should.equal(result, testConfig.expected_result);\n\n            // Log the test result in a format that matches the report generator's expectations\n            console.log(`Reporter data: ${this.test.cell.columnId},${this.test.cell.rowId},${result}`);\n          }",
              "async": 0,
              "sync": true,
              "_timeout": 150000,
              "_slow": 75,
              "_retries": -1,
              "timedOut": false,
              "_currentRetry": 0,
              "pending": true,
              "file": "/home/runner/work/vc-jose-cose-test-suite/vc-jose-cose-test-suite/tests/test-runner.js",
              "parent": "cBwCiKpBGRSGfy0G8p0m6",
              "ctx": null,
              "_testId": "urn:uuid:3c7cb7b0-3c17-4e9f-8258-ae78887b3a55",
              "_events": {},
              "_eventsCount": 1,
              "timer": {
                "_idleTimeout": -1,
                "_idlePrev": null,
                "_idleNext": null,
                "_idleStart": 92892,
                "_onTimeout": null,
                "_repeat": null,
                "_destroyed": true
              },
              "duration": 1,
              "state": "pending"
            },
            {
              "type": "test",
              "title": "19. SD-JWT Presentation Issuance",
              "body": "async function() {\n            if (!features[requiredFeature]) {\n              console.log(`Skipping test \"${testName}\" for ${name} due to missing feature: ${requiredFeature}`);\n              this.skip();\n              return;\n            }\n\n            console.log(`Running test: ${testName} for implementation: ${name}`);\n            await generateTestResults(name, testConfig);\n            this.test.cell = {columnId: name, rowId: testName};\n            const result = await checkTestResults(name, testConfig);\n            console.log(`Test result for ${name} - ${testName}: ${result}`);\n            should.equal(result, testConfig.expected_result);\n\n            // Log the test result in a format that matches the report generator's expectations\n            console.log(`Reporter data: ${this.test.cell.columnId},${this.test.cell.rowId},${result}`);\n          }",
              "async": 0,
              "sync": true,
              "_timeout": 150000,
              "_slow": 75,
              "_retries": -1,
              "timedOut": false,
              "_currentRetry": 0,
              "pending": true,
              "file": "/home/runner/work/vc-jose-cose-test-suite/vc-jose-cose-test-suite/tests/test-runner.js",
              "parent": "cBwCiKpBGRSGfy0G8p0m6",
              "ctx": null,
              "_testId": "urn:uuid:6906aadd-1f6a-48bf-b0f0-18c071ee5acc",
              "_events": {},
              "_eventsCount": 1,
              "timer": {
                "_idleTimeout": -1,
                "_idlePrev": null,
                "_idleNext": null,
                "_idleStart": 92893,
                "_onTimeout": null,
                "_repeat": null,
                "_destroyed": true
              },
              "duration": 0,
              "state": "pending"
            },
            {
              "type": "test",
              "title": "20. SD-JWT Basic Credential Verification",
              "body": "async function() {\n            if (!features[requiredFeature]) {\n              console.log(`Skipping test \"${testName}\" for ${name} due to missing feature: ${requiredFeature}`);\n              this.skip();\n              return;\n            }\n\n            console.log(`Running test: ${testName} for implementation: ${name}`);\n            await generateTestResults(name, testConfig);\n            this.test.cell = {columnId: name, rowId: testName};\n            const result = await checkTestResults(name, testConfig);\n            console.log(`Test result for ${name} - ${testName}: ${result}`);\n            should.equal(result, testConfig.expected_result);\n\n            // Log the test result in a format that matches the report generator's expectations\n            console.log(`Reporter data: ${this.test.cell.columnId},${this.test.cell.rowId},${result}`);\n          }",
              "async": 0,
              "sync": true,
              "_timeout": 150000,
              "_slow": 75,
              "_retries": -1,
              "timedOut": false,
              "_currentRetry": 0,
              "pending": true,
              "file": "/home/runner/work/vc-jose-cose-test-suite/vc-jose-cose-test-suite/tests/test-runner.js",
              "parent": "cBwCiKpBGRSGfy0G8p0m6",
              "ctx": null,
              "_testId": "urn:uuid:a679fcc0-cbf1-4b3a-a512-54b23f55fb1f",
              "_events": {},
              "_eventsCount": 1,
              "timer": {
                "_idleTimeout": -1,
                "_idlePrev": null,
                "_idleNext": null,
                "_idleStart": 92893,
                "_onTimeout": null,
                "_repeat": null,
                "_destroyed": true
              },
              "duration": 0,
              "state": "pending"
            },
            {
              "type": "test",
              "title": "21. SD-JWT Complex Credential Verification",
              "body": "async function() {\n            if (!features[requiredFeature]) {\n              console.log(`Skipping test \"${testName}\" for ${name} due to missing feature: ${requiredFeature}`);\n              this.skip();\n              return;\n            }\n\n            console.log(`Running test: ${testName} for implementation: ${name}`);\n            await generateTestResults(name, testConfig);\n            this.test.cell = {columnId: name, rowId: testName};\n            const result = await checkTestResults(name, testConfig);\n            console.log(`Test result for ${name} - ${testName}: ${result}`);\n            should.equal(result, testConfig.expected_result);\n\n            // Log the test result in a format that matches the report generator's expectations\n            console.log(`Reporter data: ${this.test.cell.columnId},${this.test.cell.rowId},${result}`);\n          }",
              "async": 0,
              "sync": true,
              "_timeout": 150000,
              "_slow": 75,
              "_retries": -1,
              "timedOut": false,
              "_currentRetry": 0,
              "pending": true,
              "file": "/home/runner/work/vc-jose-cose-test-suite/vc-jose-cose-test-suite/tests/test-runner.js",
              "parent": "cBwCiKpBGRSGfy0G8p0m6",
              "ctx": null,
              "_testId": "urn:uuid:eca3f0f4-5f18-4dd4-a188-ca172fcfca76",
              "_events": {},
              "_eventsCount": 1,
              "timer": {
                "_idleTimeout": -1,
                "_idlePrev": null,
                "_idleNext": null,
                "_idleStart": 92893,
                "_onTimeout": null,
                "_repeat": null,
                "_destroyed": true
              },
              "duration": 0,
              "state": "pending"
            },
            {
              "type": "test",
              "title": "22. SD-JWT Presentation Verification",
              "body": "async function() {\n            if (!features[requiredFeature]) {\n              console.log(`Skipping test \"${testName}\" for ${name} due to missing feature: ${requiredFeature}`);\n              this.skip();\n              return;\n            }\n\n            console.log(`Running test: ${testName} for implementation: ${name}`);\n            await generateTestResults(name, testConfig);\n            this.test.cell = {columnId: name, rowId: testName};\n            const result = await checkTestResults(name, testConfig);\n            console.log(`Test result for ${name} - ${testName}: ${result}`);\n            should.equal(result, testConfig.expected_result);\n\n            // Log the test result in a format that matches the report generator's expectations\n            console.log(`Reporter data: ${this.test.cell.columnId},${this.test.cell.rowId},${result}`);\n          }",
              "async": 0,
              "sync": true,
              "_timeout": 150000,
              "_slow": 75,
              "_retries": -1,
              "timedOut": false,
              "_currentRetry": 0,
              "pending": true,
              "file": "/home/runner/work/vc-jose-cose-test-suite/vc-jose-cose-test-suite/tests/test-runner.js",
              "parent": "cBwCiKpBGRSGfy0G8p0m6",
              "ctx": null,
              "_testId": "urn:uuid:e2aa57ee-dd03-4ddc-8aa6-41e18f005ad8",
              "_events": {},
              "_eventsCount": 1,
              "timer": {
                "_idleTimeout": -1,
                "_idlePrev": null,
                "_idleNext": null,
                "_idleStart": 92893,
                "_onTimeout": null,
                "_repeat": null,
                "_destroyed": true
              },
              "duration": 0,
              "state": "pending"
            },
            {
              "type": "test",
              "title": "23. SD-JWT Credential With an Invalid Signature",
              "body": "async function() {\n            if (!features[requiredFeature]) {\n              console.log(`Skipping test \"${testName}\" for ${name} due to missing feature: ${requiredFeature}`);\n              this.skip();\n              return;\n            }\n\n            console.log(`Running test: ${testName} for implementation: ${name}`);\n            await generateTestResults(name, testConfig);\n            this.test.cell = {columnId: name, rowId: testName};\n            const result = await checkTestResults(name, testConfig);\n            console.log(`Test result for ${name} - ${testName}: ${result}`);\n            should.equal(result, testConfig.expected_result);\n\n            // Log the test result in a format that matches the report generator's expectations\n            console.log(`Reporter data: ${this.test.cell.columnId},${this.test.cell.rowId},${result}`);\n          }",
              "async": 0,
              "sync": true,
              "_timeout": 150000,
              "_slow": 75,
              "_retries": -1,
              "timedOut": false,
              "_currentRetry": 0,
              "pending": true,
              "file": "/home/runner/work/vc-jose-cose-test-suite/vc-jose-cose-test-suite/tests/test-runner.js",
              "parent": "cBwCiKpBGRSGfy0G8p0m6",
              "ctx": null,
              "_testId": "urn:uuid:704c10d0-d159-4a37-98c3-ce9cd778e025",
              "_events": {},
              "_eventsCount": 1,
              "timer": {
                "_idleTimeout": -1,
                "_idlePrev": null,
                "_idleNext": null,
                "_idleStart": 92893,
                "_onTimeout": null,
                "_repeat": null,
                "_destroyed": true
              },
              "duration": 0,
              "state": "pending"
            },
            {
              "type": "test",
              "title": "24. SD-JWT Credential with an Invalid Media Type",
              "body": "async function() {\n            if (!features[requiredFeature]) {\n              console.log(`Skipping test \"${testName}\" for ${name} due to missing feature: ${requiredFeature}`);\n              this.skip();\n              return;\n            }\n\n            console.log(`Running test: ${testName} for implementation: ${name}`);\n            await generateTestResults(name, testConfig);\n            this.test.cell = {columnId: name, rowId: testName};\n            const result = await checkTestResults(name, testConfig);\n            console.log(`Test result for ${name} - ${testName}: ${result}`);\n            should.equal(result, testConfig.expected_result);\n\n            // Log the test result in a format that matches the report generator's expectations\n            console.log(`Reporter data: ${this.test.cell.columnId},${this.test.cell.rowId},${result}`);\n          }",
              "async": 0,
              "sync": true,
              "_timeout": 150000,
              "_slow": 75,
              "_retries": -1,
              "timedOut": false,
              "_currentRetry": 0,
              "pending": true,
              "file": "/home/runner/work/vc-jose-cose-test-suite/vc-jose-cose-test-suite/tests/test-runner.js",
              "parent": "cBwCiKpBGRSGfy0G8p0m6",
              "ctx": null,
              "_testId": "urn:uuid:adfcf15b-c22e-4b6f-bebb-f039e997a29c",
              "_events": {},
              "_eventsCount": 1,
              "timer": {
                "_idleTimeout": -1,
                "_idlePrev": null,
                "_idleNext": null,
                "_idleStart": 92893,
                "_onTimeout": null,
                "_repeat": null,
                "_destroyed": true
              },
              "duration": 0,
              "state": "pending"
            },
            {
              "type": "test",
              "title": "25. SD-JWT Presentation with an Invalid Media Type",
              "body": "async function() {\n            if (!features[requiredFeature]) {\n              console.log(`Skipping test \"${testName}\" for ${name} due to missing feature: ${requiredFeature}`);\n              this.skip();\n              return;\n            }\n\n            console.log(`Running test: ${testName} for implementation: ${name}`);\n            await generateTestResults(name, testConfig);\n            this.test.cell = {columnId: name, rowId: testName};\n            const result = await checkTestResults(name, testConfig);\n            console.log(`Test result for ${name} - ${testName}: ${result}`);\n            should.equal(result, testConfig.expected_result);\n\n            // Log the test result in a format that matches the report generator's expectations\n            console.log(`Reporter data: ${this.test.cell.columnId},${this.test.cell.rowId},${result}`);\n          }",
              "async": 0,
              "sync": true,
              "_timeout": 150000,
              "_slow": 75,
              "_retries": -1,
              "timedOut": false,
              "_currentRetry": 0,
              "pending": true,
              "file": "/home/runner/work/vc-jose-cose-test-suite/vc-jose-cose-test-suite/tests/test-runner.js",
              "parent": "cBwCiKpBGRSGfy0G8p0m6",
              "ctx": null,
              "_testId": "urn:uuid:f35bab50-8b9a-442f-ae41-8d5a5b2044de",
              "_events": {},
              "_eventsCount": 1,
              "timer": {
                "_idleTimeout": -1,
                "_idlePrev": null,
                "_idleNext": null,
                "_idleStart": 92893,
                "_onTimeout": null,
                "_repeat": null,
                "_destroyed": true
              },
              "duration": 0,
              "state": "pending"
            },
            {
              "type": "test",
              "title": "26. SD-JWT Presentation with Invalid Credentials",
              "body": "async function() {\n            if (!features[requiredFeature]) {\n              console.log(`Skipping test \"${testName}\" for ${name} due to missing feature: ${requiredFeature}`);\n              this.skip();\n              return;\n            }\n\n            console.log(`Running test: ${testName} for implementation: ${name}`);\n            await generateTestResults(name, testConfig);\n            this.test.cell = {columnId: name, rowId: testName};\n            const result = await checkTestResults(name, testConfig);\n            console.log(`Test result for ${name} - ${testName}: ${result}`);\n            should.equal(result, testConfig.expected_result);\n\n            // Log the test result in a format that matches the report generator's expectations\n            console.log(`Reporter data: ${this.test.cell.columnId},${this.test.cell.rowId},${result}`);\n          }",
              "async": 0,
              "sync": true,
              "_timeout": 150000,
              "_slow": 75,
              "_retries": -1,
              "timedOut": false,
              "_currentRetry": 0,
              "pending": true,
              "file": "/home/runner/work/vc-jose-cose-test-suite/vc-jose-cose-test-suite/tests/test-runner.js",
              "parent": "cBwCiKpBGRSGfy0G8p0m6",
              "ctx": null,
              "_testId": "urn:uuid:9834d818-3098-4368-9ada-8ffe4f1d9ac3",
              "_events": {},
              "_eventsCount": 1,
              "timer": {
                "_idleTimeout": -1,
                "_idlePrev": null,
                "_idleNext": null,
                "_idleStart": 92893,
                "_onTimeout": null,
                "_repeat": null,
                "_destroyed": true
              },
              "duration": 0,
              "state": "pending"
            }
          ],
          "root": false,
          "pending": false,
          "_retries": -1,
          "_beforeEach": [],
          "_beforeAll": [],
          "_afterEach": [],
          "_afterAll": [],
          "_timeout": 150000,
          "_slow": 75,
          "_bail": false,
          "_onlyTests": [],
          "_onlySuites": [],
          "delayed": false,
          "parent": "OxHLKH3TFBVTMTLqnfQzH",
          "file": "/home/runner/work/vc-jose-cose-test-suite/vc-jose-cose-test-suite/tests/test-runner.js",
          "_testId": "urn:uuid:4c72525e-df67-4c8f-8296-7f5c5accfc52"
        },
        {
          "title": "Tradeverifyd",
          "ctx": null,
          "suites": [],
          "tests": [
            {
              "type": "test",
              "title": "17. SD-JWT Basic Credential Issuance",
              "body": "async function() {\n            if (!features[requiredFeature]) {\n              console.log(`Skipping test \"${testName}\" for ${name} due to missing feature: ${requiredFeature}`);\n              this.skip();\n              return;\n            }\n\n            console.log(`Running test: ${testName} for implementation: ${name}`);\n            await generateTestResults(name, testConfig);\n            this.test.cell = {columnId: name, rowId: testName};\n            const result = await checkTestResults(name, testConfig);\n            console.log(`Test result for ${name} - ${testName}: ${result}`);\n            should.equal(result, testConfig.expected_result);\n\n            // Log the test result in a format that matches the report generator's expectations\n            console.log(`Reporter data: ${this.test.cell.columnId},${this.test.cell.rowId},${result}`);\n          }",
              "async": 0,
              "sync": true,
              "_timeout": 150000,
              "_slow": 75,
              "_retries": -1,
              "timedOut": false,
              "_currentRetry": 0,
              "pending": false,
              "file": "/home/runner/work/vc-jose-cose-test-suite/vc-jose-cose-test-suite/tests/test-runner.js",
              "parent": "VADwl46x78sw5owHhdPxw",
              "ctx": null,
              "_testId": "urn:uuid:f6b4487f-b31f-4cee-8ce1-fa6a556f214f",
              "_events": {},
              "_eventsCount": 1,
              "timer": {
                "_idleTimeout": -1,
                "_idlePrev": null,
                "_idleNext": null,
                "_idleStart": 93929,
                "_onTimeout": null,
                "_repeat": null,
                "_destroyed": true
              },
              "cell": {
                "columnId": "Tradeverifyd",
                "rowId": "17. SD-JWT Basic Credential Issuance"
              },
              "duration": 1186,
              "state": "passed",
              "speed": "slow"
            },
            {
              "type": "test",
              "title": "18. SD-JWT Complex Credential Issuance",
              "body": "async function() {\n            if (!features[requiredFeature]) {\n              console.log(`Skipping test \"${testName}\" for ${name} due to missing feature: ${requiredFeature}`);\n              this.skip();\n              return;\n            }\n\n            console.log(`Running test: ${testName} for implementation: ${name}`);\n            await generateTestResults(name, testConfig);\n            this.test.cell = {columnId: name, rowId: testName};\n            const result = await checkTestResults(name, testConfig);\n            console.log(`Test result for ${name} - ${testName}: ${result}`);\n            should.equal(result, testConfig.expected_result);\n\n            // Log the test result in a format that matches the report generator's expectations\n            console.log(`Reporter data: ${this.test.cell.columnId},${this.test.cell.rowId},${result}`);\n          }",
              "async": 0,
              "sync": true,
              "_timeout": 150000,
              "_slow": 75,
              "_retries": -1,
              "timedOut": false,
              "_currentRetry": 0,
              "pending": false,
              "file": "/home/runner/work/vc-jose-cose-test-suite/vc-jose-cose-test-suite/tests/test-runner.js",
              "parent": "VADwl46x78sw5owHhdPxw",
              "ctx": null,
              "_testId": "urn:uuid:64d730ed-704c-484e-94af-c4d26bd0075d",
              "_events": {},
              "_eventsCount": 1,
              "timer": {
                "_idleTimeout": -1,
                "_idlePrev": null,
                "_idleNext": null,
                "_idleStart": 95118,
                "_onTimeout": null,
                "_repeat": null,
                "_destroyed": true
              },
              "cell": {
                "columnId": "Tradeverifyd",
                "rowId": "18. SD-JWT Complex Credential Issuance"
              },
              "duration": 1189,
              "state": "passed",
              "speed": "slow"
            },
            {
              "type": "test",
              "title": "19. SD-JWT Presentation Issuance",
              "body": "async function() {\n            if (!features[requiredFeature]) {\n              console.log(`Skipping test \"${testName}\" for ${name} due to missing feature: ${requiredFeature}`);\n              this.skip();\n              return;\n            }\n\n            console.log(`Running test: ${testName} for implementation: ${name}`);\n            await generateTestResults(name, testConfig);\n            this.test.cell = {columnId: name, rowId: testName};\n            const result = await checkTestResults(name, testConfig);\n            console.log(`Test result for ${name} - ${testName}: ${result}`);\n            should.equal(result, testConfig.expected_result);\n\n            // Log the test result in a format that matches the report generator's expectations\n            console.log(`Reporter data: ${this.test.cell.columnId},${this.test.cell.rowId},${result}`);\n          }",
              "async": 0,
              "sync": true,
              "_timeout": 150000,
              "_slow": 75,
              "_retries": -1,
              "timedOut": false,
              "_currentRetry": 0,
              "pending": false,
              "file": "/home/runner/work/vc-jose-cose-test-suite/vc-jose-cose-test-suite/tests/test-runner.js",
              "parent": "VADwl46x78sw5owHhdPxw",
              "ctx": null,
              "_testId": "urn:uuid:2262e6a2-85e7-4370-99ae-3bcd4b668d37",
              "_events": {},
              "_eventsCount": 1,
              "timer": {
                "_idleTimeout": -1,
                "_idlePrev": null,
                "_idleNext": null,
                "_idleStart": 96284,
                "_onTimeout": null,
                "_repeat": null,
                "_destroyed": true
              },
              "cell": {
                "columnId": "Tradeverifyd",
                "rowId": "19. SD-JWT Presentation Issuance"
              },
              "duration": 1166,
              "state": "passed",
              "speed": "slow"
            },
            {
              "type": "test",
              "title": "20. SD-JWT Basic Credential Verification",
              "body": "async function() {\n            if (!features[requiredFeature]) {\n              console.log(`Skipping test \"${testName}\" for ${name} due to missing feature: ${requiredFeature}`);\n              this.skip();\n              return;\n            }\n\n            console.log(`Running test: ${testName} for implementation: ${name}`);\n            await generateTestResults(name, testConfig);\n            this.test.cell = {columnId: name, rowId: testName};\n            const result = await checkTestResults(name, testConfig);\n            console.log(`Test result for ${name} - ${testName}: ${result}`);\n            should.equal(result, testConfig.expected_result);\n\n            // Log the test result in a format that matches the report generator's expectations\n            console.log(`Reporter data: ${this.test.cell.columnId},${this.test.cell.rowId},${result}`);\n          }",
              "async": 0,
              "sync": true,
              "_timeout": 150000,
              "_slow": 75,
              "_retries": -1,
              "timedOut": false,
              "_currentRetry": 0,
              "pending": false,
              "file": "/home/runner/work/vc-jose-cose-test-suite/vc-jose-cose-test-suite/tests/test-runner.js",
              "parent": "VADwl46x78sw5owHhdPxw",
              "ctx": null,
              "_testId": "urn:uuid:98f924da-fcee-408f-b55b-a090d9793198",
              "_events": {},
              "_eventsCount": 1,
              "timer": {
                "_idleTimeout": -1,
                "_idlePrev": null,
                "_idleNext": null,
                "_idleStart": 97461,
                "_onTimeout": null,
                "_repeat": null,
                "_destroyed": true
              },
              "cell": {
                "columnId": "Tradeverifyd",
                "rowId": "20. SD-JWT Basic Credential Verification"
              },
              "duration": 1177,
              "state": "passed",
              "speed": "slow"
            },
            {
              "type": "test",
              "title": "21. SD-JWT Complex Credential Verification",
              "body": "async function() {\n            if (!features[requiredFeature]) {\n              console.log(`Skipping test \"${testName}\" for ${name} due to missing feature: ${requiredFeature}`);\n              this.skip();\n              return;\n            }\n\n            console.log(`Running test: ${testName} for implementation: ${name}`);\n            await generateTestResults(name, testConfig);\n            this.test.cell = {columnId: name, rowId: testName};\n            const result = await checkTestResults(name, testConfig);\n            console.log(`Test result for ${name} - ${testName}: ${result}`);\n            should.equal(result, testConfig.expected_result);\n\n            // Log the test result in a format that matches the report generator's expectations\n            console.log(`Reporter data: ${this.test.cell.columnId},${this.test.cell.rowId},${result}`);\n          }",
              "async": 0,
              "sync": true,
              "_timeout": 150000,
              "_slow": 75,
              "_retries": -1,
              "timedOut": false,
              "_currentRetry": 0,
              "pending": false,
              "file": "/home/runner/work/vc-jose-cose-test-suite/vc-jose-cose-test-suite/tests/test-runner.js",
              "parent": "VADwl46x78sw5owHhdPxw",
              "ctx": null,
              "_testId": "urn:uuid:a33d80c2-46dd-4e47-b19d-a87cfa3ba3a2",
              "_events": {},
              "_eventsCount": 1,
              "timer": {
                "_idleTimeout": -1,
                "_idlePrev": null,
                "_idleNext": null,
                "_idleStart": 98641,
                "_onTimeout": null,
                "_repeat": null,
                "_destroyed": true
              },
              "cell": {
                "columnId": "Tradeverifyd",
                "rowId": "21. SD-JWT Complex Credential Verification"
              },
              "duration": 1180,
              "state": "passed",
              "speed": "slow"
            },
            {
              "type": "test",
              "title": "22. SD-JWT Presentation Verification",
              "body": "async function() {\n            if (!features[requiredFeature]) {\n              console.log(`Skipping test \"${testName}\" for ${name} due to missing feature: ${requiredFeature}`);\n              this.skip();\n              return;\n            }\n\n            console.log(`Running test: ${testName} for implementation: ${name}`);\n            await generateTestResults(name, testConfig);\n            this.test.cell = {columnId: name, rowId: testName};\n            const result = await checkTestResults(name, testConfig);\n            console.log(`Test result for ${name} - ${testName}: ${result}`);\n            should.equal(result, testConfig.expected_result);\n\n            // Log the test result in a format that matches the report generator's expectations\n            console.log(`Reporter data: ${this.test.cell.columnId},${this.test.cell.rowId},${result}`);\n          }",
              "async": 0,
              "sync": true,
              "_timeout": 150000,
              "_slow": 75,
              "_retries": -1,
              "timedOut": false,
              "_currentRetry": 0,
              "pending": false,
              "file": "/home/runner/work/vc-jose-cose-test-suite/vc-jose-cose-test-suite/tests/test-runner.js",
              "parent": "VADwl46x78sw5owHhdPxw",
              "ctx": null,
              "_testId": "urn:uuid:871603e5-faf1-4a06-87fb-9d2c5acbf9df",
              "_events": {},
              "_eventsCount": 1,
              "timer": {
                "_idleTimeout": -1,
                "_idlePrev": null,
                "_idleNext": null,
                "_idleStart": 99814,
                "_onTimeout": null,
                "_repeat": null,
                "_destroyed": true
              },
              "cell": {
                "columnId": "Tradeverifyd",
                "rowId": "22. SD-JWT Presentation Verification"
              },
              "duration": 1173,
              "state": "passed",
              "speed": "slow"
            },
            {
              "type": "test",
              "title": "23. SD-JWT Credential With an Invalid Signature",
              "body": "async function() {\n            if (!features[requiredFeature]) {\n              console.log(`Skipping test \"${testName}\" for ${name} due to missing feature: ${requiredFeature}`);\n              this.skip();\n              return;\n            }\n\n            console.log(`Running test: ${testName} for implementation: ${name}`);\n            await generateTestResults(name, testConfig);\n            this.test.cell = {columnId: name, rowId: testName};\n            const result = await checkTestResults(name, testConfig);\n            console.log(`Test result for ${name} - ${testName}: ${result}`);\n            should.equal(result, testConfig.expected_result);\n\n            // Log the test result in a format that matches the report generator's expectations\n            console.log(`Reporter data: ${this.test.cell.columnId},${this.test.cell.rowId},${result}`);\n          }",
              "async": 0,
              "sync": true,
              "_timeout": 150000,
              "_slow": 75,
              "_retries": -1,
              "timedOut": false,
              "_currentRetry": 0,
              "pending": false,
              "file": "/home/runner/work/vc-jose-cose-test-suite/vc-jose-cose-test-suite/tests/test-runner.js",
              "parent": "VADwl46x78sw5owHhdPxw",
              "ctx": null,
              "_testId": "urn:uuid:ac0b6ee8-8819-4fbb-a6fe-1a09816dbe87",
              "_events": {},
              "_eventsCount": 1,
              "timer": {
                "_idleTimeout": -1,
                "_idlePrev": null,
                "_idleNext": null,
                "_idleStart": 100976,
                "_onTimeout": null,
                "_repeat": null,
                "_destroyed": true
              },
              "cell": {
                "columnId": "Tradeverifyd",
                "rowId": "23. SD-JWT Credential With an Invalid Signature"
              },
              "duration": 1162,
              "state": "passed",
              "speed": "slow"
            },
            {
              "type": "test",
              "title": "24. SD-JWT Credential with an Invalid Media Type",
              "body": "async function() {\n            if (!features[requiredFeature]) {\n              console.log(`Skipping test \"${testName}\" for ${name} due to missing feature: ${requiredFeature}`);\n              this.skip();\n              return;\n            }\n\n            console.log(`Running test: ${testName} for implementation: ${name}`);\n            await generateTestResults(name, testConfig);\n            this.test.cell = {columnId: name, rowId: testName};\n            const result = await checkTestResults(name, testConfig);\n            console.log(`Test result for ${name} - ${testName}: ${result}`);\n            should.equal(result, testConfig.expected_result);\n\n            // Log the test result in a format that matches the report generator's expectations\n            console.log(`Reporter data: ${this.test.cell.columnId},${this.test.cell.rowId},${result}`);\n          }",
              "async": 0,
              "sync": true,
              "_timeout": 150000,
              "_slow": 75,
              "_retries": -1,
              "timedOut": false,
              "_currentRetry": 0,
              "pending": false,
              "file": "/home/runner/work/vc-jose-cose-test-suite/vc-jose-cose-test-suite/tests/test-runner.js",
              "parent": "VADwl46x78sw5owHhdPxw",
              "ctx": null,
              "_testId": "urn:uuid:d93ee108-3e54-4f3a-bc3d-1f3b84686868",
              "_events": {},
              "_eventsCount": 1,
              "timer": {
                "_idleTimeout": -1,
                "_idlePrev": null,
                "_idleNext": null,
                "_idleStart": 102143,
                "_onTimeout": null,
                "_repeat": null,
                "_destroyed": true
              },
              "cell": {
                "columnId": "Tradeverifyd",
                "rowId": "24. SD-JWT Credential with an Invalid Media Type"
              },
              "duration": 1166,
              "state": "passed",
              "speed": "slow"
            },
            {
              "type": "test",
              "title": "25. SD-JWT Presentation with an Invalid Media Type",
              "body": "async function() {\n            if (!features[requiredFeature]) {\n              console.log(`Skipping test \"${testName}\" for ${name} due to missing feature: ${requiredFeature}`);\n              this.skip();\n              return;\n            }\n\n            console.log(`Running test: ${testName} for implementation: ${name}`);\n            await generateTestResults(name, testConfig);\n            this.test.cell = {columnId: name, rowId: testName};\n            const result = await checkTestResults(name, testConfig);\n            console.log(`Test result for ${name} - ${testName}: ${result}`);\n            should.equal(result, testConfig.expected_result);\n\n            // Log the test result in a format that matches the report generator's expectations\n            console.log(`Reporter data: ${this.test.cell.columnId},${this.test.cell.rowId},${result}`);\n          }",
              "async": 0,
              "sync": true,
              "_timeout": 150000,
              "_slow": 75,
              "_retries": -1,
              "timedOut": false,
              "_currentRetry": 0,
              "pending": false,
              "file": "/home/runner/work/vc-jose-cose-test-suite/vc-jose-cose-test-suite/tests/test-runner.js",
              "parent": "VADwl46x78sw5owHhdPxw",
              "ctx": null,
              "_testId": "urn:uuid:355e1969-37b2-4c57-807a-12685336f62f",
              "_events": {},
              "_eventsCount": 1,
              "timer": {
                "_idleTimeout": -1,
                "_idlePrev": null,
                "_idleNext": null,
                "_idleStart": 103327,
                "_onTimeout": null,
                "_repeat": null,
                "_destroyed": true
              },
              "cell": {
                "columnId": "Tradeverifyd",
                "rowId": "25. SD-JWT Presentation with an Invalid Media Type"
              },
              "duration": 1184,
              "state": "passed",
              "speed": "slow"
            },
            {
              "type": "test",
              "title": "26. SD-JWT Presentation with Invalid Credentials",
              "body": "async function() {\n            if (!features[requiredFeature]) {\n              console.log(`Skipping test \"${testName}\" for ${name} due to missing feature: ${requiredFeature}`);\n              this.skip();\n              return;\n            }\n\n            console.log(`Running test: ${testName} for implementation: ${name}`);\n            await generateTestResults(name, testConfig);\n            this.test.cell = {columnId: name, rowId: testName};\n            const result = await checkTestResults(name, testConfig);\n            console.log(`Test result for ${name} - ${testName}: ${result}`);\n            should.equal(result, testConfig.expected_result);\n\n            // Log the test result in a format that matches the report generator's expectations\n            console.log(`Reporter data: ${this.test.cell.columnId},${this.test.cell.rowId},${result}`);\n          }",
              "async": 0,
              "sync": true,
              "_timeout": 150000,
              "_slow": 75,
              "_retries": -1,
              "timedOut": false,
              "_currentRetry": 0,
              "pending": false,
              "file": "/home/runner/work/vc-jose-cose-test-suite/vc-jose-cose-test-suite/tests/test-runner.js",
              "parent": "VADwl46x78sw5owHhdPxw",
              "ctx": null,
              "_testId": "urn:uuid:5a1d538b-4c9c-4777-9804-95a586255320",
              "_events": {},
              "_eventsCount": 1,
              "timer": {
                "_idleTimeout": -1,
                "_idlePrev": null,
                "_idleNext": null,
                "_idleStart": 104492,
                "_onTimeout": null,
                "_repeat": null,
                "_destroyed": true
              },
              "cell": {
                "columnId": "Tradeverifyd",
                "rowId": "26. SD-JWT Presentation with Invalid Credentials"
              },
              "duration": 1165,
              "state": "passed",
              "speed": "slow"
            }
          ],
          "root": false,
          "pending": false,
          "_retries": -1,
          "_beforeEach": [],
          "_beforeAll": [],
          "_afterEach": [],
          "_afterAll": [],
          "_timeout": 150000,
          "_slow": 75,
          "_bail": false,
          "_onlyTests": [],
          "_onlySuites": [],
          "delayed": false,
          "parent": "OxHLKH3TFBVTMTLqnfQzH",
          "file": "/home/runner/work/vc-jose-cose-test-suite/vc-jose-cose-test-suite/tests/test-runner.js",
          "_testId": "urn:uuid:a010ab03-dc58-450c-b601-6c3d1507cd99"
        },
        {
          "title": "decentralgabe",
          "ctx": null,
          "suites": [],
          "tests": [
            {
              "type": "test",
              "title": "17. SD-JWT Basic Credential Issuance",
              "body": "async function() {\n            if (!features[requiredFeature]) {\n              console.log(`Skipping test \"${testName}\" for ${name} due to missing feature: ${requiredFeature}`);\n              this.skip();\n              return;\n            }\n\n            console.log(`Running test: ${testName} for implementation: ${name}`);\n            await generateTestResults(name, testConfig);\n            this.test.cell = {columnId: name, rowId: testName};\n            const result = await checkTestResults(name, testConfig);\n            console.log(`Test result for ${name} - ${testName}: ${result}`);\n            should.equal(result, testConfig.expected_result);\n\n            // Log the test result in a format that matches the report generator's expectations\n            console.log(`Reporter data: ${this.test.cell.columnId},${this.test.cell.rowId},${result}`);\n          }",
              "async": 0,
              "sync": true,
              "_timeout": 150000,
              "_slow": 75,
              "_retries": -1,
              "timedOut": false,
              "_currentRetry": 0,
              "pending": false,
              "file": "/home/runner/work/vc-jose-cose-test-suite/vc-jose-cose-test-suite/tests/test-runner.js",
              "parent": "KNtPGDCWGELlmj_upmCeP",
              "ctx": null,
              "_testId": "urn:uuid:b4d3f36e-1e61-485d-9ea9-90300f2c85d7",
              "_events": {},
              "_eventsCount": 1,
              "timer": {
                "_idleTimeout": -1,
                "_idlePrev": null,
                "_idleNext": null,
                "_idleStart": 104937,
                "_onTimeout": null,
                "_repeat": null,
                "_destroyed": true
              },
              "cell": {
                "columnId": "decentralgabe",
                "rowId": "17. SD-JWT Basic Credential Issuance"
              },
              "duration": 445,
              "state": "passed",
              "speed": "slow"
            },
            {
              "type": "test",
              "title": "18. SD-JWT Complex Credential Issuance",
              "body": "async function() {\n            if (!features[requiredFeature]) {\n              console.log(`Skipping test \"${testName}\" for ${name} due to missing feature: ${requiredFeature}`);\n              this.skip();\n              return;\n            }\n\n            console.log(`Running test: ${testName} for implementation: ${name}`);\n            await generateTestResults(name, testConfig);\n            this.test.cell = {columnId: name, rowId: testName};\n            const result = await checkTestResults(name, testConfig);\n            console.log(`Test result for ${name} - ${testName}: ${result}`);\n            should.equal(result, testConfig.expected_result);\n\n            // Log the test result in a format that matches the report generator's expectations\n            console.log(`Reporter data: ${this.test.cell.columnId},${this.test.cell.rowId},${result}`);\n          }",
              "async": 0,
              "sync": true,
              "_timeout": 150000,
              "_slow": 75,
              "_retries": -1,
              "timedOut": false,
              "_currentRetry": 0,
              "pending": false,
              "file": "/home/runner/work/vc-jose-cose-test-suite/vc-jose-cose-test-suite/tests/test-runner.js",
              "parent": "KNtPGDCWGELlmj_upmCeP",
              "ctx": null,
              "_testId": "urn:uuid:d93f38c0-8e30-4190-a379-20a911c8d761",
              "_events": {},
              "_eventsCount": 1,
              "timer": {
                "_idleTimeout": -1,
                "_idlePrev": null,
                "_idleNext": null,
                "_idleStart": 105384,
                "_onTimeout": null,
                "_repeat": null,
                "_destroyed": true
              },
              "cell": {
                "columnId": "decentralgabe",
                "rowId": "18. SD-JWT Complex Credential Issuance"
              },
              "duration": 446,
              "state": "passed",
              "speed": "slow"
            },
            {
              "type": "test",
              "title": "19. SD-JWT Presentation Issuance",
              "body": "async function() {\n            if (!features[requiredFeature]) {\n              console.log(`Skipping test \"${testName}\" for ${name} due to missing feature: ${requiredFeature}`);\n              this.skip();\n              return;\n            }\n\n            console.log(`Running test: ${testName} for implementation: ${name}`);\n            await generateTestResults(name, testConfig);\n            this.test.cell = {columnId: name, rowId: testName};\n            const result = await checkTestResults(name, testConfig);\n            console.log(`Test result for ${name} - ${testName}: ${result}`);\n            should.equal(result, testConfig.expected_result);\n\n            // Log the test result in a format that matches the report generator's expectations\n            console.log(`Reporter data: ${this.test.cell.columnId},${this.test.cell.rowId},${result}`);\n          }",
              "async": 0,
              "sync": true,
              "_timeout": 150000,
              "_slow": 75,
              "_retries": -1,
              "timedOut": false,
              "_currentRetry": 0,
              "pending": false,
              "file": "/home/runner/work/vc-jose-cose-test-suite/vc-jose-cose-test-suite/tests/test-runner.js",
              "parent": "KNtPGDCWGELlmj_upmCeP",
              "ctx": null,
              "_testId": "urn:uuid:a3f6a65e-b3c7-477d-a464-fee5562ef141",
              "_events": {},
              "_eventsCount": 1,
              "timer": {
                "_idleTimeout": -1,
                "_idlePrev": null,
                "_idleNext": null,
                "_idleStart": 105823,
                "_onTimeout": null,
                "_repeat": null,
                "_destroyed": true
              },
              "cell": {
                "columnId": "decentralgabe",
                "rowId": "19. SD-JWT Presentation Issuance"
              },
              "duration": 440,
              "state": "passed",
              "speed": "slow"
            },
            {
              "type": "test",
              "title": "20. SD-JWT Basic Credential Verification",
              "body": "async function() {\n            if (!features[requiredFeature]) {\n              console.log(`Skipping test \"${testName}\" for ${name} due to missing feature: ${requiredFeature}`);\n              this.skip();\n              return;\n            }\n\n            console.log(`Running test: ${testName} for implementation: ${name}`);\n            await generateTestResults(name, testConfig);\n            this.test.cell = {columnId: name, rowId: testName};\n            const result = await checkTestResults(name, testConfig);\n            console.log(`Test result for ${name} - ${testName}: ${result}`);\n            should.equal(result, testConfig.expected_result);\n\n            // Log the test result in a format that matches the report generator's expectations\n            console.log(`Reporter data: ${this.test.cell.columnId},${this.test.cell.rowId},${result}`);\n          }",
              "async": 0,
              "sync": true,
              "_timeout": 150000,
              "_slow": 75,
              "_retries": -1,
              "timedOut": false,
              "_currentRetry": 0,
              "pending": false,
              "file": "/home/runner/work/vc-jose-cose-test-suite/vc-jose-cose-test-suite/tests/test-runner.js",
              "parent": "KNtPGDCWGELlmj_upmCeP",
              "ctx": null,
              "_testId": "urn:uuid:c76809ed-fd79-467f-bf67-9bcb2fab5b72",
              "_events": {},
              "_eventsCount": 1,
              "timer": {
                "_idleTimeout": -1,
                "_idlePrev": null,
                "_idleNext": null,
                "_idleStart": 106278,
                "_onTimeout": null,
                "_repeat": null,
                "_destroyed": true
              },
              "cell": {
                "columnId": "decentralgabe",
                "rowId": "20. SD-JWT Basic Credential Verification"
              },
              "duration": 455,
              "state": "passed",
              "speed": "slow"
            },
            {
              "type": "test",
              "title": "21. SD-JWT Complex Credential Verification",
              "body": "async function() {\n            if (!features[requiredFeature]) {\n              console.log(`Skipping test \"${testName}\" for ${name} due to missing feature: ${requiredFeature}`);\n              this.skip();\n              return;\n            }\n\n            console.log(`Running test: ${testName} for implementation: ${name}`);\n            await generateTestResults(name, testConfig);\n            this.test.cell = {columnId: name, rowId: testName};\n            const result = await checkTestResults(name, testConfig);\n            console.log(`Test result for ${name} - ${testName}: ${result}`);\n            should.equal(result, testConfig.expected_result);\n\n            // Log the test result in a format that matches the report generator's expectations\n            console.log(`Reporter data: ${this.test.cell.columnId},${this.test.cell.rowId},${result}`);\n          }",
              "async": 0,
              "sync": true,
              "_timeout": 150000,
              "_slow": 75,
              "_retries": -1,
              "timedOut": false,
              "_currentRetry": 0,
              "pending": false,
              "file": "/home/runner/work/vc-jose-cose-test-suite/vc-jose-cose-test-suite/tests/test-runner.js",
              "parent": "KNtPGDCWGELlmj_upmCeP",
              "ctx": null,
              "_testId": "urn:uuid:a95a64d6-d323-47cb-8ecd-6d8187827893",
              "_events": {},
              "_eventsCount": 1,
              "timer": {
                "_idleTimeout": -1,
                "_idlePrev": null,
                "_idleNext": null,
                "_idleStart": 106731,
                "_onTimeout": null,
                "_repeat": null,
                "_destroyed": true
              },
              "cell": {
                "columnId": "decentralgabe",
                "rowId": "21. SD-JWT Complex Credential Verification"
              },
              "duration": 454,
              "state": "passed",
              "speed": "slow"
            },
            {
              "type": "test",
              "title": "22. SD-JWT Presentation Verification",
              "body": "async function() {\n            if (!features[requiredFeature]) {\n              console.log(`Skipping test \"${testName}\" for ${name} due to missing feature: ${requiredFeature}`);\n              this.skip();\n              return;\n            }\n\n            console.log(`Running test: ${testName} for implementation: ${name}`);\n            await generateTestResults(name, testConfig);\n            this.test.cell = {columnId: name, rowId: testName};\n            const result = await checkTestResults(name, testConfig);\n            console.log(`Test result for ${name} - ${testName}: ${result}`);\n            should.equal(result, testConfig.expected_result);\n\n            // Log the test result in a format that matches the report generator's expectations\n            console.log(`Reporter data: ${this.test.cell.columnId},${this.test.cell.rowId},${result}`);\n          }",
              "async": 0,
              "sync": true,
              "_timeout": 150000,
              "_slow": 75,
              "_retries": -1,
              "timedOut": false,
              "_currentRetry": 0,
              "pending": false,
              "file": "/home/runner/work/vc-jose-cose-test-suite/vc-jose-cose-test-suite/tests/test-runner.js",
              "parent": "KNtPGDCWGELlmj_upmCeP",
              "ctx": null,
              "_testId": "urn:uuid:abeedf00-f03b-449b-8e96-fbd671d19f24",
              "_events": {},
              "_eventsCount": 1,
              "timer": {
                "_idleTimeout": -1,
                "_idlePrev": null,
                "_idleNext": null,
                "_idleStart": 107181,
                "_onTimeout": null,
                "_repeat": null,
                "_destroyed": true
              },
              "cell": {
                "columnId": "decentralgabe",
                "rowId": "22. SD-JWT Presentation Verification"
              },
              "duration": 449,
              "state": "passed",
              "speed": "slow"
            },
            {
              "type": "test",
              "title": "23. SD-JWT Credential With an Invalid Signature",
              "body": "async function() {\n            if (!features[requiredFeature]) {\n              console.log(`Skipping test \"${testName}\" for ${name} due to missing feature: ${requiredFeature}`);\n              this.skip();\n              return;\n            }\n\n            console.log(`Running test: ${testName} for implementation: ${name}`);\n            await generateTestResults(name, testConfig);\n            this.test.cell = {columnId: name, rowId: testName};\n            const result = await checkTestResults(name, testConfig);\n            console.log(`Test result for ${name} - ${testName}: ${result}`);\n            should.equal(result, testConfig.expected_result);\n\n            // Log the test result in a format that matches the report generator's expectations\n            console.log(`Reporter data: ${this.test.cell.columnId},${this.test.cell.rowId},${result}`);\n          }",
              "async": 0,
              "sync": true,
              "_timeout": 150000,
              "_slow": 75,
              "_retries": -1,
              "timedOut": false,
              "_currentRetry": 0,
              "pending": false,
              "file": "/home/runner/work/vc-jose-cose-test-suite/vc-jose-cose-test-suite/tests/test-runner.js",
              "parent": "KNtPGDCWGELlmj_upmCeP",
              "ctx": null,
              "_testId": "urn:uuid:975e096d-83ad-4a18-9ea8-3eca692c73f1",
              "_events": {},
              "_eventsCount": 1,
              "timer": {
                "_idleTimeout": -1,
                "_idlePrev": null,
                "_idleNext": null,
                "_idleStart": 107623,
                "_onTimeout": null,
                "_repeat": null,
                "_destroyed": true
              },
              "cell": {
                "columnId": "decentralgabe",
                "rowId": "23. SD-JWT Credential With an Invalid Signature"
              },
              "duration": 442,
              "state": "passed",
              "speed": "slow"
            },
            {
              "type": "test",
              "title": "24. SD-JWT Credential with an Invalid Media Type",
              "body": "async function() {\n            if (!features[requiredFeature]) {\n              console.log(`Skipping test \"${testName}\" for ${name} due to missing feature: ${requiredFeature}`);\n              this.skip();\n              return;\n            }\n\n            console.log(`Running test: ${testName} for implementation: ${name}`);\n            await generateTestResults(name, testConfig);\n            this.test.cell = {columnId: name, rowId: testName};\n            const result = await checkTestResults(name, testConfig);\n            console.log(`Test result for ${name} - ${testName}: ${result}`);\n            should.equal(result, testConfig.expected_result);\n\n            // Log the test result in a format that matches the report generator's expectations\n            console.log(`Reporter data: ${this.test.cell.columnId},${this.test.cell.rowId},${result}`);\n          }",
              "async": 0,
              "sync": true,
              "_timeout": 150000,
              "_slow": 75,
              "_retries": -1,
              "timedOut": false,
              "_currentRetry": 0,
              "pending": false,
              "file": "/home/runner/work/vc-jose-cose-test-suite/vc-jose-cose-test-suite/tests/test-runner.js",
              "parent": "KNtPGDCWGELlmj_upmCeP",
              "ctx": null,
              "_testId": "urn:uuid:912a00af-5c8a-4685-be91-b45bab02b1b0",
              "_events": {},
              "_eventsCount": 1,
              "timer": {
                "_idleTimeout": -1,
                "_idlePrev": null,
                "_idleNext": null,
                "_idleStart": 108061,
                "_onTimeout": null,
                "_repeat": null,
                "_destroyed": true
              },
              "cell": {
                "columnId": "decentralgabe",
                "rowId": "24. SD-JWT Credential with an Invalid Media Type"
              },
              "duration": 438,
              "state": "passed",
              "speed": "slow"
            },
            {
              "type": "test",
              "title": "25. SD-JWT Presentation with an Invalid Media Type",
              "body": "async function() {\n            if (!features[requiredFeature]) {\n              console.log(`Skipping test \"${testName}\" for ${name} due to missing feature: ${requiredFeature}`);\n              this.skip();\n              return;\n            }\n\n            console.log(`Running test: ${testName} for implementation: ${name}`);\n            await generateTestResults(name, testConfig);\n            this.test.cell = {columnId: name, rowId: testName};\n            const result = await checkTestResults(name, testConfig);\n            console.log(`Test result for ${name} - ${testName}: ${result}`);\n            should.equal(result, testConfig.expected_result);\n\n            // Log the test result in a format that matches the report generator's expectations\n            console.log(`Reporter data: ${this.test.cell.columnId},${this.test.cell.rowId},${result}`);\n          }",
              "async": 0,
              "sync": true,
              "_timeout": 150000,
              "_slow": 75,
              "_retries": -1,
              "timedOut": false,
              "_currentRetry": 0,
              "pending": false,
              "file": "/home/runner/work/vc-jose-cose-test-suite/vc-jose-cose-test-suite/tests/test-runner.js",
              "parent": "KNtPGDCWGELlmj_upmCeP",
              "ctx": null,
              "_testId": "urn:uuid:4fe3012b-c351-405c-9c83-07f3383e2a9c",
              "_events": {},
              "_eventsCount": 1,
              "timer": {
                "_idleTimeout": -1,
                "_idlePrev": null,
                "_idleNext": null,
                "_idleStart": 108506,
                "_onTimeout": null,
                "_repeat": null,
                "_destroyed": true
              },
              "cell": {
                "columnId": "decentralgabe",
                "rowId": "25. SD-JWT Presentation with an Invalid Media Type"
              },
              "duration": 445,
              "state": "passed",
              "speed": "slow"
            },
            {
              "type": "test",
              "title": "26. SD-JWT Presentation with Invalid Credentials",
              "body": "async function() {\n            if (!features[requiredFeature]) {\n              console.log(`Skipping test \"${testName}\" for ${name} due to missing feature: ${requiredFeature}`);\n              this.skip();\n              return;\n            }\n\n            console.log(`Running test: ${testName} for implementation: ${name}`);\n            await generateTestResults(name, testConfig);\n            this.test.cell = {columnId: name, rowId: testName};\n            const result = await checkTestResults(name, testConfig);\n            console.log(`Test result for ${name} - ${testName}: ${result}`);\n            should.equal(result, testConfig.expected_result);\n\n            // Log the test result in a format that matches the report generator's expectations\n            console.log(`Reporter data: ${this.test.cell.columnId},${this.test.cell.rowId},${result}`);\n          }",
              "async": 0,
              "sync": true,
              "_timeout": 150000,
              "_slow": 75,
              "_retries": -1,
              "timedOut": false,
              "_currentRetry": 0,
              "pending": false,
              "file": "/home/runner/work/vc-jose-cose-test-suite/vc-jose-cose-test-suite/tests/test-runner.js",
              "parent": "KNtPGDCWGELlmj_upmCeP",
              "ctx": null,
              "_testId": "urn:uuid:7922f30f-3432-40c8-a006-a32e1a9633d1",
              "_events": {},
              "_eventsCount": 1,
              "timer": {
                "_idleTimeout": -1,
                "_idlePrev": null,
                "_idleNext": null,
                "_idleStart": 108962,
                "_onTimeout": null,
                "_repeat": null,
                "_destroyed": true
              },
              "cell": {
                "columnId": "decentralgabe",
                "rowId": "26. SD-JWT Presentation with Invalid Credentials"
              },
              "duration": 456,
              "state": "passed",
              "speed": "slow"
            }
          ],
          "root": false,
          "pending": false,
          "_retries": -1,
          "_beforeEach": [],
          "_beforeAll": [],
          "_afterEach": [],
          "_afterAll": [],
          "_timeout": 150000,
          "_slow": 75,
          "_bail": false,
          "_onlyTests": [],
          "_onlySuites": [],
          "delayed": false,
          "parent": "OxHLKH3TFBVTMTLqnfQzH",
          "file": "/home/runner/work/vc-jose-cose-test-suite/vc-jose-cose-test-suite/tests/test-runner.js",
          "_testId": "urn:uuid:0c177f71-87ad-47b1-a7fa-9ffacdade5ca"
        }
      ],
      "tests": [
        {
          "type": "test",
          "title": "17. SD-JWT Basic Credential Issuance",
          "body": "async function() {\n            if (!features[requiredFeature]) {\n              console.log(`Skipping test \"${testName}\" for ${name} due to missing feature: ${requiredFeature}`);\n              this.skip();\n              return;\n            }\n\n            console.log(`Running test: ${testName} for implementation: ${name}`);\n            await generateTestResults(name, testConfig);\n            this.test.cell = {columnId: name, rowId: testName};\n            const result = await checkTestResults(name, testConfig);\n            console.log(`Test result for ${name} - ${testName}: ${result}`);\n            should.equal(result, testConfig.expected_result);\n\n            // Log the test result in a format that matches the report generator's expectations\n            console.log(`Reporter data: ${this.test.cell.columnId},${this.test.cell.rowId},${result}`);\n          }",
          "async": 0,
          "sync": true,
          "_timeout": 150000,
          "_slow": 75,
          "_retries": -1,
          "timedOut": false,
          "_currentRetry": 0,
          "pending": true,
          "file": "/home/runner/work/vc-jose-cose-test-suite/vc-jose-cose-test-suite/tests/test-runner.js",
          "parent": "cBwCiKpBGRSGfy0G8p0m6",
          "ctx": null,
          "_testId": "urn:uuid:5dabe68e-7835-4340-9e00-55248721b08f",
          "_events": {},
          "_eventsCount": 1,
          "timer": {
            "_idleTimeout": -1,
            "_idlePrev": null,
            "_idleNext": null,
            "_idleStart": 92892,
            "_onTimeout": null,
            "_repeat": null,
            "_destroyed": true
          },
          "duration": 0,
          "state": "pending"
        },
        {
          "type": "test",
          "title": "18. SD-JWT Complex Credential Issuance",
          "body": "async function() {\n            if (!features[requiredFeature]) {\n              console.log(`Skipping test \"${testName}\" for ${name} due to missing feature: ${requiredFeature}`);\n              this.skip();\n              return;\n            }\n\n            console.log(`Running test: ${testName} for implementation: ${name}`);\n            await generateTestResults(name, testConfig);\n            this.test.cell = {columnId: name, rowId: testName};\n            const result = await checkTestResults(name, testConfig);\n            console.log(`Test result for ${name} - ${testName}: ${result}`);\n            should.equal(result, testConfig.expected_result);\n\n            // Log the test result in a format that matches the report generator's expectations\n            console.log(`Reporter data: ${this.test.cell.columnId},${this.test.cell.rowId},${result}`);\n          }",
          "async": 0,
          "sync": true,
          "_timeout": 150000,
          "_slow": 75,
          "_retries": -1,
          "timedOut": false,
          "_currentRetry": 0,
          "pending": true,
          "file": "/home/runner/work/vc-jose-cose-test-suite/vc-jose-cose-test-suite/tests/test-runner.js",
          "parent": "cBwCiKpBGRSGfy0G8p0m6",
          "ctx": null,
          "_testId": "urn:uuid:3c7cb7b0-3c17-4e9f-8258-ae78887b3a55",
          "_events": {},
          "_eventsCount": 1,
          "timer": {
            "_idleTimeout": -1,
            "_idlePrev": null,
            "_idleNext": null,
            "_idleStart": 92892,
            "_onTimeout": null,
            "_repeat": null,
            "_destroyed": true
          },
          "duration": 1,
          "state": "pending"
        },
        {
          "type": "test",
          "title": "19. SD-JWT Presentation Issuance",
          "body": "async function() {\n            if (!features[requiredFeature]) {\n              console.log(`Skipping test \"${testName}\" for ${name} due to missing feature: ${requiredFeature}`);\n              this.skip();\n              return;\n            }\n\n            console.log(`Running test: ${testName} for implementation: ${name}`);\n            await generateTestResults(name, testConfig);\n            this.test.cell = {columnId: name, rowId: testName};\n            const result = await checkTestResults(name, testConfig);\n            console.log(`Test result for ${name} - ${testName}: ${result}`);\n            should.equal(result, testConfig.expected_result);\n\n            // Log the test result in a format that matches the report generator's expectations\n            console.log(`Reporter data: ${this.test.cell.columnId},${this.test.cell.rowId},${result}`);\n          }",
          "async": 0,
          "sync": true,
          "_timeout": 150000,
          "_slow": 75,
          "_retries": -1,
          "timedOut": false,
          "_currentRetry": 0,
          "pending": true,
          "file": "/home/runner/work/vc-jose-cose-test-suite/vc-jose-cose-test-suite/tests/test-runner.js",
          "parent": "cBwCiKpBGRSGfy0G8p0m6",
          "ctx": null,
          "_testId": "urn:uuid:6906aadd-1f6a-48bf-b0f0-18c071ee5acc",
          "_events": {},
          "_eventsCount": 1,
          "timer": {
            "_idleTimeout": -1,
            "_idlePrev": null,
            "_idleNext": null,
            "_idleStart": 92893,
            "_onTimeout": null,
            "_repeat": null,
            "_destroyed": true
          },
          "duration": 0,
          "state": "pending"
        },
        {
          "type": "test",
          "title": "20. SD-JWT Basic Credential Verification",
          "body": "async function() {\n            if (!features[requiredFeature]) {\n              console.log(`Skipping test \"${testName}\" for ${name} due to missing feature: ${requiredFeature}`);\n              this.skip();\n              return;\n            }\n\n            console.log(`Running test: ${testName} for implementation: ${name}`);\n            await generateTestResults(name, testConfig);\n            this.test.cell = {columnId: name, rowId: testName};\n            const result = await checkTestResults(name, testConfig);\n            console.log(`Test result for ${name} - ${testName}: ${result}`);\n            should.equal(result, testConfig.expected_result);\n\n            // Log the test result in a format that matches the report generator's expectations\n            console.log(`Reporter data: ${this.test.cell.columnId},${this.test.cell.rowId},${result}`);\n          }",
          "async": 0,
          "sync": true,
          "_timeout": 150000,
          "_slow": 75,
          "_retries": -1,
          "timedOut": false,
          "_currentRetry": 0,
          "pending": true,
          "file": "/home/runner/work/vc-jose-cose-test-suite/vc-jose-cose-test-suite/tests/test-runner.js",
          "parent": "cBwCiKpBGRSGfy0G8p0m6",
          "ctx": null,
          "_testId": "urn:uuid:a679fcc0-cbf1-4b3a-a512-54b23f55fb1f",
          "_events": {},
          "_eventsCount": 1,
          "timer": {
            "_idleTimeout": -1,
            "_idlePrev": null,
            "_idleNext": null,
            "_idleStart": 92893,
            "_onTimeout": null,
            "_repeat": null,
            "_destroyed": true
          },
          "duration": 0,
          "state": "pending"
        },
        {
          "type": "test",
          "title": "21. SD-JWT Complex Credential Verification",
          "body": "async function() {\n            if (!features[requiredFeature]) {\n              console.log(`Skipping test \"${testName}\" for ${name} due to missing feature: ${requiredFeature}`);\n              this.skip();\n              return;\n            }\n\n            console.log(`Running test: ${testName} for implementation: ${name}`);\n            await generateTestResults(name, testConfig);\n            this.test.cell = {columnId: name, rowId: testName};\n            const result = await checkTestResults(name, testConfig);\n            console.log(`Test result for ${name} - ${testName}: ${result}`);\n            should.equal(result, testConfig.expected_result);\n\n            // Log the test result in a format that matches the report generator's expectations\n            console.log(`Reporter data: ${this.test.cell.columnId},${this.test.cell.rowId},${result}`);\n          }",
          "async": 0,
          "sync": true,
          "_timeout": 150000,
          "_slow": 75,
          "_retries": -1,
          "timedOut": false,
          "_currentRetry": 0,
          "pending": true,
          "file": "/home/runner/work/vc-jose-cose-test-suite/vc-jose-cose-test-suite/tests/test-runner.js",
          "parent": "cBwCiKpBGRSGfy0G8p0m6",
          "ctx": null,
          "_testId": "urn:uuid:eca3f0f4-5f18-4dd4-a188-ca172fcfca76",
          "_events": {},
          "_eventsCount": 1,
          "timer": {
            "_idleTimeout": -1,
            "_idlePrev": null,
            "_idleNext": null,
            "_idleStart": 92893,
            "_onTimeout": null,
            "_repeat": null,
            "_destroyed": true
          },
          "duration": 0,
          "state": "pending"
        },
        {
          "type": "test",
          "title": "22. SD-JWT Presentation Verification",
          "body": "async function() {\n            if (!features[requiredFeature]) {\n              console.log(`Skipping test \"${testName}\" for ${name} due to missing feature: ${requiredFeature}`);\n              this.skip();\n              return;\n            }\n\n            console.log(`Running test: ${testName} for implementation: ${name}`);\n            await generateTestResults(name, testConfig);\n            this.test.cell = {columnId: name, rowId: testName};\n            const result = await checkTestResults(name, testConfig);\n            console.log(`Test result for ${name} - ${testName}: ${result}`);\n            should.equal(result, testConfig.expected_result);\n\n            // Log the test result in a format that matches the report generator's expectations\n            console.log(`Reporter data: ${this.test.cell.columnId},${this.test.cell.rowId},${result}`);\n          }",
          "async": 0,
          "sync": true,
          "_timeout": 150000,
          "_slow": 75,
          "_retries": -1,
          "timedOut": false,
          "_currentRetry": 0,
          "pending": true,
          "file": "/home/runner/work/vc-jose-cose-test-suite/vc-jose-cose-test-suite/tests/test-runner.js",
          "parent": "cBwCiKpBGRSGfy0G8p0m6",
          "ctx": null,
          "_testId": "urn:uuid:e2aa57ee-dd03-4ddc-8aa6-41e18f005ad8",
          "_events": {},
          "_eventsCount": 1,
          "timer": {
            "_idleTimeout": -1,
            "_idlePrev": null,
            "_idleNext": null,
            "_idleStart": 92893,
            "_onTimeout": null,
            "_repeat": null,
            "_destroyed": true
          },
          "duration": 0,
          "state": "pending"
        },
        {
          "type": "test",
          "title": "23. SD-JWT Credential With an Invalid Signature",
          "body": "async function() {\n            if (!features[requiredFeature]) {\n              console.log(`Skipping test \"${testName}\" for ${name} due to missing feature: ${requiredFeature}`);\n              this.skip();\n              return;\n            }\n\n            console.log(`Running test: ${testName} for implementation: ${name}`);\n            await generateTestResults(name, testConfig);\n            this.test.cell = {columnId: name, rowId: testName};\n            const result = await checkTestResults(name, testConfig);\n            console.log(`Test result for ${name} - ${testName}: ${result}`);\n            should.equal(result, testConfig.expected_result);\n\n            // Log the test result in a format that matches the report generator's expectations\n            console.log(`Reporter data: ${this.test.cell.columnId},${this.test.cell.rowId},${result}`);\n          }",
          "async": 0,
          "sync": true,
          "_timeout": 150000,
          "_slow": 75,
          "_retries": -1,
          "timedOut": false,
          "_currentRetry": 0,
          "pending": true,
          "file": "/home/runner/work/vc-jose-cose-test-suite/vc-jose-cose-test-suite/tests/test-runner.js",
          "parent": "cBwCiKpBGRSGfy0G8p0m6",
          "ctx": null,
          "_testId": "urn:uuid:704c10d0-d159-4a37-98c3-ce9cd778e025",
          "_events": {},
          "_eventsCount": 1,
          "timer": {
            "_idleTimeout": -1,
            "_idlePrev": null,
            "_idleNext": null,
            "_idleStart": 92893,
            "_onTimeout": null,
            "_repeat": null,
            "_destroyed": true
          },
          "duration": 0,
          "state": "pending"
        },
        {
          "type": "test",
          "title": "24. SD-JWT Credential with an Invalid Media Type",
          "body": "async function() {\n            if (!features[requiredFeature]) {\n              console.log(`Skipping test \"${testName}\" for ${name} due to missing feature: ${requiredFeature}`);\n              this.skip();\n              return;\n            }\n\n            console.log(`Running test: ${testName} for implementation: ${name}`);\n            await generateTestResults(name, testConfig);\n            this.test.cell = {columnId: name, rowId: testName};\n            const result = await checkTestResults(name, testConfig);\n            console.log(`Test result for ${name} - ${testName}: ${result}`);\n            should.equal(result, testConfig.expected_result);\n\n            // Log the test result in a format that matches the report generator's expectations\n            console.log(`Reporter data: ${this.test.cell.columnId},${this.test.cell.rowId},${result}`);\n          }",
          "async": 0,
          "sync": true,
          "_timeout": 150000,
          "_slow": 75,
          "_retries": -1,
          "timedOut": false,
          "_currentRetry": 0,
          "pending": true,
          "file": "/home/runner/work/vc-jose-cose-test-suite/vc-jose-cose-test-suite/tests/test-runner.js",
          "parent": "cBwCiKpBGRSGfy0G8p0m6",
          "ctx": null,
          "_testId": "urn:uuid:adfcf15b-c22e-4b6f-bebb-f039e997a29c",
          "_events": {},
          "_eventsCount": 1,
          "timer": {
            "_idleTimeout": -1,
            "_idlePrev": null,
            "_idleNext": null,
            "_idleStart": 92893,
            "_onTimeout": null,
            "_repeat": null,
            "_destroyed": true
          },
          "duration": 0,
          "state": "pending"
        },
        {
          "type": "test",
          "title": "25. SD-JWT Presentation with an Invalid Media Type",
          "body": "async function() {\n            if (!features[requiredFeature]) {\n              console.log(`Skipping test \"${testName}\" for ${name} due to missing feature: ${requiredFeature}`);\n              this.skip();\n              return;\n            }\n\n            console.log(`Running test: ${testName} for implementation: ${name}`);\n            await generateTestResults(name, testConfig);\n            this.test.cell = {columnId: name, rowId: testName};\n            const result = await checkTestResults(name, testConfig);\n            console.log(`Test result for ${name} - ${testName}: ${result}`);\n            should.equal(result, testConfig.expected_result);\n\n            // Log the test result in a format that matches the report generator's expectations\n            console.log(`Reporter data: ${this.test.cell.columnId},${this.test.cell.rowId},${result}`);\n          }",
          "async": 0,
          "sync": true,
          "_timeout": 150000,
          "_slow": 75,
          "_retries": -1,
          "timedOut": false,
          "_currentRetry": 0,
          "pending": true,
          "file": "/home/runner/work/vc-jose-cose-test-suite/vc-jose-cose-test-suite/tests/test-runner.js",
          "parent": "cBwCiKpBGRSGfy0G8p0m6",
          "ctx": null,
          "_testId": "urn:uuid:f35bab50-8b9a-442f-ae41-8d5a5b2044de",
          "_events": {},
          "_eventsCount": 1,
          "timer": {
            "_idleTimeout": -1,
            "_idlePrev": null,
            "_idleNext": null,
            "_idleStart": 92893,
            "_onTimeout": null,
            "_repeat": null,
            "_destroyed": true
          },
          "duration": 0,
          "state": "pending"
        },
        {
          "type": "test",
          "title": "26. SD-JWT Presentation with Invalid Credentials",
          "body": "async function() {\n            if (!features[requiredFeature]) {\n              console.log(`Skipping test \"${testName}\" for ${name} due to missing feature: ${requiredFeature}`);\n              this.skip();\n              return;\n            }\n\n            console.log(`Running test: ${testName} for implementation: ${name}`);\n            await generateTestResults(name, testConfig);\n            this.test.cell = {columnId: name, rowId: testName};\n            const result = await checkTestResults(name, testConfig);\n            console.log(`Test result for ${name} - ${testName}: ${result}`);\n            should.equal(result, testConfig.expected_result);\n\n            // Log the test result in a format that matches the report generator's expectations\n            console.log(`Reporter data: ${this.test.cell.columnId},${this.test.cell.rowId},${result}`);\n          }",
          "async": 0,
          "sync": true,
          "_timeout": 150000,
          "_slow": 75,
          "_retries": -1,
          "timedOut": false,
          "_currentRetry": 0,
          "pending": true,
          "file": "/home/runner/work/vc-jose-cose-test-suite/vc-jose-cose-test-suite/tests/test-runner.js",
          "parent": "cBwCiKpBGRSGfy0G8p0m6",
          "ctx": null,
          "_testId": "urn:uuid:9834d818-3098-4368-9ada-8ffe4f1d9ac3",
          "_events": {},
          "_eventsCount": 1,
          "timer": {
            "_idleTimeout": -1,
            "_idlePrev": null,
            "_idleNext": null,
            "_idleStart": 92893,
            "_onTimeout": null,
            "_repeat": null,
            "_destroyed": true
          },
          "duration": 0,
          "state": "pending"
        },
        {
          "type": "test",
          "title": "17. SD-JWT Basic Credential Issuance",
          "body": "async function() {\n            if (!features[requiredFeature]) {\n              console.log(`Skipping test \"${testName}\" for ${name} due to missing feature: ${requiredFeature}`);\n              this.skip();\n              return;\n            }\n\n            console.log(`Running test: ${testName} for implementation: ${name}`);\n            await generateTestResults(name, testConfig);\n            this.test.cell = {columnId: name, rowId: testName};\n            const result = await checkTestResults(name, testConfig);\n            console.log(`Test result for ${name} - ${testName}: ${result}`);\n            should.equal(result, testConfig.expected_result);\n\n            // Log the test result in a format that matches the report generator's expectations\n            console.log(`Reporter data: ${this.test.cell.columnId},${this.test.cell.rowId},${result}`);\n          }",
          "async": 0,
          "sync": true,
          "_timeout": 150000,
          "_slow": 75,
          "_retries": -1,
          "timedOut": false,
          "_currentRetry": 0,
          "pending": false,
          "file": "/home/runner/work/vc-jose-cose-test-suite/vc-jose-cose-test-suite/tests/test-runner.js",
          "parent": "VADwl46x78sw5owHhdPxw",
          "ctx": null,
          "_testId": "urn:uuid:f6b4487f-b31f-4cee-8ce1-fa6a556f214f",
          "_events": {},
          "_eventsCount": 1,
          "timer": {
            "_idleTimeout": -1,
            "_idlePrev": null,
            "_idleNext": null,
            "_idleStart": 93929,
            "_onTimeout": null,
            "_repeat": null,
            "_destroyed": true
          },
          "cell": {
            "columnId": "Tradeverifyd",
            "rowId": "17. SD-JWT Basic Credential Issuance"
          },
          "duration": 1186,
          "state": "passed",
          "speed": "slow"
        },
        {
          "type": "test",
          "title": "18. SD-JWT Complex Credential Issuance",
          "body": "async function() {\n            if (!features[requiredFeature]) {\n              console.log(`Skipping test \"${testName}\" for ${name} due to missing feature: ${requiredFeature}`);\n              this.skip();\n              return;\n            }\n\n            console.log(`Running test: ${testName} for implementation: ${name}`);\n            await generateTestResults(name, testConfig);\n            this.test.cell = {columnId: name, rowId: testName};\n            const result = await checkTestResults(name, testConfig);\n            console.log(`Test result for ${name} - ${testName}: ${result}`);\n            should.equal(result, testConfig.expected_result);\n\n            // Log the test result in a format that matches the report generator's expectations\n            console.log(`Reporter data: ${this.test.cell.columnId},${this.test.cell.rowId},${result}`);\n          }",
          "async": 0,
          "sync": true,
          "_timeout": 150000,
          "_slow": 75,
          "_retries": -1,
          "timedOut": false,
          "_currentRetry": 0,
          "pending": false,
          "file": "/home/runner/work/vc-jose-cose-test-suite/vc-jose-cose-test-suite/tests/test-runner.js",
          "parent": "VADwl46x78sw5owHhdPxw",
          "ctx": null,
          "_testId": "urn:uuid:64d730ed-704c-484e-94af-c4d26bd0075d",
          "_events": {},
          "_eventsCount": 1,
          "timer": {
            "_idleTimeout": -1,
            "_idlePrev": null,
            "_idleNext": null,
            "_idleStart": 95118,
            "_onTimeout": null,
            "_repeat": null,
            "_destroyed": true
          },
          "cell": {
            "columnId": "Tradeverifyd",
            "rowId": "18. SD-JWT Complex Credential Issuance"
          },
          "duration": 1189,
          "state": "passed",
          "speed": "slow"
        },
        {
          "type": "test",
          "title": "19. SD-JWT Presentation Issuance",
          "body": "async function() {\n            if (!features[requiredFeature]) {\n              console.log(`Skipping test \"${testName}\" for ${name} due to missing feature: ${requiredFeature}`);\n              this.skip();\n              return;\n            }\n\n            console.log(`Running test: ${testName} for implementation: ${name}`);\n            await generateTestResults(name, testConfig);\n            this.test.cell = {columnId: name, rowId: testName};\n            const result = await checkTestResults(name, testConfig);\n            console.log(`Test result for ${name} - ${testName}: ${result}`);\n            should.equal(result, testConfig.expected_result);\n\n            // Log the test result in a format that matches the report generator's expectations\n            console.log(`Reporter data: ${this.test.cell.columnId},${this.test.cell.rowId},${result}`);\n          }",
          "async": 0,
          "sync": true,
          "_timeout": 150000,
          "_slow": 75,
          "_retries": -1,
          "timedOut": false,
          "_currentRetry": 0,
          "pending": false,
          "file": "/home/runner/work/vc-jose-cose-test-suite/vc-jose-cose-test-suite/tests/test-runner.js",
          "parent": "VADwl46x78sw5owHhdPxw",
          "ctx": null,
          "_testId": "urn:uuid:2262e6a2-85e7-4370-99ae-3bcd4b668d37",
          "_events": {},
          "_eventsCount": 1,
          "timer": {
            "_idleTimeout": -1,
            "_idlePrev": null,
            "_idleNext": null,
            "_idleStart": 96284,
            "_onTimeout": null,
            "_repeat": null,
            "_destroyed": true
          },
          "cell": {
            "columnId": "Tradeverifyd",
            "rowId": "19. SD-JWT Presentation Issuance"
          },
          "duration": 1166,
          "state": "passed",
          "speed": "slow"
        },
        {
          "type": "test",
          "title": "20. SD-JWT Basic Credential Verification",
          "body": "async function() {\n            if (!features[requiredFeature]) {\n              console.log(`Skipping test \"${testName}\" for ${name} due to missing feature: ${requiredFeature}`);\n              this.skip();\n              return;\n            }\n\n            console.log(`Running test: ${testName} for implementation: ${name}`);\n            await generateTestResults(name, testConfig);\n            this.test.cell = {columnId: name, rowId: testName};\n            const result = await checkTestResults(name, testConfig);\n            console.log(`Test result for ${name} - ${testName}: ${result}`);\n            should.equal(result, testConfig.expected_result);\n\n            // Log the test result in a format that matches the report generator's expectations\n            console.log(`Reporter data: ${this.test.cell.columnId},${this.test.cell.rowId},${result}`);\n          }",
          "async": 0,
          "sync": true,
          "_timeout": 150000,
          "_slow": 75,
          "_retries": -1,
          "timedOut": false,
          "_currentRetry": 0,
          "pending": false,
          "file": "/home/runner/work/vc-jose-cose-test-suite/vc-jose-cose-test-suite/tests/test-runner.js",
          "parent": "VADwl46x78sw5owHhdPxw",
          "ctx": null,
          "_testId": "urn:uuid:98f924da-fcee-408f-b55b-a090d9793198",
          "_events": {},
          "_eventsCount": 1,
          "timer": {
            "_idleTimeout": -1,
            "_idlePrev": null,
            "_idleNext": null,
            "_idleStart": 97461,
            "_onTimeout": null,
            "_repeat": null,
            "_destroyed": true
          },
          "cell": {
            "columnId": "Tradeverifyd",
            "rowId": "20. SD-JWT Basic Credential Verification"
          },
          "duration": 1177,
          "state": "passed",
          "speed": "slow"
        },
        {
          "type": "test",
          "title": "21. SD-JWT Complex Credential Verification",
          "body": "async function() {\n            if (!features[requiredFeature]) {\n              console.log(`Skipping test \"${testName}\" for ${name} due to missing feature: ${requiredFeature}`);\n              this.skip();\n              return;\n            }\n\n            console.log(`Running test: ${testName} for implementation: ${name}`);\n            await generateTestResults(name, testConfig);\n            this.test.cell = {columnId: name, rowId: testName};\n            const result = await checkTestResults(name, testConfig);\n            console.log(`Test result for ${name} - ${testName}: ${result}`);\n            should.equal(result, testConfig.expected_result);\n\n            // Log the test result in a format that matches the report generator's expectations\n            console.log(`Reporter data: ${this.test.cell.columnId},${this.test.cell.rowId},${result}`);\n          }",
          "async": 0,
          "sync": true,
          "_timeout": 150000,
          "_slow": 75,
          "_retries": -1,
          "timedOut": false,
          "_currentRetry": 0,
          "pending": false,
          "file": "/home/runner/work/vc-jose-cose-test-suite/vc-jose-cose-test-suite/tests/test-runner.js",
          "parent": "VADwl46x78sw5owHhdPxw",
          "ctx": null,
          "_testId": "urn:uuid:a33d80c2-46dd-4e47-b19d-a87cfa3ba3a2",
          "_events": {},
          "_eventsCount": 1,
          "timer": {
            "_idleTimeout": -1,
            "_idlePrev": null,
            "_idleNext": null,
            "_idleStart": 98641,
            "_onTimeout": null,
            "_repeat": null,
            "_destroyed": true
          },
          "cell": {
            "columnId": "Tradeverifyd",
            "rowId": "21. SD-JWT Complex Credential Verification"
          },
          "duration": 1180,
          "state": "passed",
          "speed": "slow"
        },
        {
          "type": "test",
          "title": "22. SD-JWT Presentation Verification",
          "body": "async function() {\n            if (!features[requiredFeature]) {\n              console.log(`Skipping test \"${testName}\" for ${name} due to missing feature: ${requiredFeature}`);\n              this.skip();\n              return;\n            }\n\n            console.log(`Running test: ${testName} for implementation: ${name}`);\n            await generateTestResults(name, testConfig);\n            this.test.cell = {columnId: name, rowId: testName};\n            const result = await checkTestResults(name, testConfig);\n            console.log(`Test result for ${name} - ${testName}: ${result}`);\n            should.equal(result, testConfig.expected_result);\n\n            // Log the test result in a format that matches the report generator's expectations\n            console.log(`Reporter data: ${this.test.cell.columnId},${this.test.cell.rowId},${result}`);\n          }",
          "async": 0,
          "sync": true,
          "_timeout": 150000,
          "_slow": 75,
          "_retries": -1,
          "timedOut": false,
          "_currentRetry": 0,
          "pending": false,
          "file": "/home/runner/work/vc-jose-cose-test-suite/vc-jose-cose-test-suite/tests/test-runner.js",
          "parent": "VADwl46x78sw5owHhdPxw",
          "ctx": null,
          "_testId": "urn:uuid:871603e5-faf1-4a06-87fb-9d2c5acbf9df",
          "_events": {},
          "_eventsCount": 1,
          "timer": {
            "_idleTimeout": -1,
            "_idlePrev": null,
            "_idleNext": null,
            "_idleStart": 99814,
            "_onTimeout": null,
            "_repeat": null,
            "_destroyed": true
          },
          "cell": {
            "columnId": "Tradeverifyd",
            "rowId": "22. SD-JWT Presentation Verification"
          },
          "duration": 1173,
          "state": "passed",
          "speed": "slow"
        },
        {
          "type": "test",
          "title": "23. SD-JWT Credential With an Invalid Signature",
          "body": "async function() {\n            if (!features[requiredFeature]) {\n              console.log(`Skipping test \"${testName}\" for ${name} due to missing feature: ${requiredFeature}`);\n              this.skip();\n              return;\n            }\n\n            console.log(`Running test: ${testName} for implementation: ${name}`);\n            await generateTestResults(name, testConfig);\n            this.test.cell = {columnId: name, rowId: testName};\n            const result = await checkTestResults(name, testConfig);\n            console.log(`Test result for ${name} - ${testName}: ${result}`);\n            should.equal(result, testConfig.expected_result);\n\n            // Log the test result in a format that matches the report generator's expectations\n            console.log(`Reporter data: ${this.test.cell.columnId},${this.test.cell.rowId},${result}`);\n          }",
          "async": 0,
          "sync": true,
          "_timeout": 150000,
          "_slow": 75,
          "_retries": -1,
          "timedOut": false,
          "_currentRetry": 0,
          "pending": false,
          "file": "/home/runner/work/vc-jose-cose-test-suite/vc-jose-cose-test-suite/tests/test-runner.js",
          "parent": "VADwl46x78sw5owHhdPxw",
          "ctx": null,
          "_testId": "urn:uuid:ac0b6ee8-8819-4fbb-a6fe-1a09816dbe87",
          "_events": {},
          "_eventsCount": 1,
          "timer": {
            "_idleTimeout": -1,
            "_idlePrev": null,
            "_idleNext": null,
            "_idleStart": 100976,
            "_onTimeout": null,
            "_repeat": null,
            "_destroyed": true
          },
          "cell": {
            "columnId": "Tradeverifyd",
            "rowId": "23. SD-JWT Credential With an Invalid Signature"
          },
          "duration": 1162,
          "state": "passed",
          "speed": "slow"
        },
        {
          "type": "test",
          "title": "24. SD-JWT Credential with an Invalid Media Type",
          "body": "async function() {\n            if (!features[requiredFeature]) {\n              console.log(`Skipping test \"${testName}\" for ${name} due to missing feature: ${requiredFeature}`);\n              this.skip();\n              return;\n            }\n\n            console.log(`Running test: ${testName} for implementation: ${name}`);\n            await generateTestResults(name, testConfig);\n            this.test.cell = {columnId: name, rowId: testName};\n            const result = await checkTestResults(name, testConfig);\n            console.log(`Test result for ${name} - ${testName}: ${result}`);\n            should.equal(result, testConfig.expected_result);\n\n            // Log the test result in a format that matches the report generator's expectations\n            console.log(`Reporter data: ${this.test.cell.columnId},${this.test.cell.rowId},${result}`);\n          }",
          "async": 0,
          "sync": true,
          "_timeout": 150000,
          "_slow": 75,
          "_retries": -1,
          "timedOut": false,
          "_currentRetry": 0,
          "pending": false,
          "file": "/home/runner/work/vc-jose-cose-test-suite/vc-jose-cose-test-suite/tests/test-runner.js",
          "parent": "VADwl46x78sw5owHhdPxw",
          "ctx": null,
          "_testId": "urn:uuid:d93ee108-3e54-4f3a-bc3d-1f3b84686868",
          "_events": {},
          "_eventsCount": 1,
          "timer": {
            "_idleTimeout": -1,
            "_idlePrev": null,
            "_idleNext": null,
            "_idleStart": 102143,
            "_onTimeout": null,
            "_repeat": null,
            "_destroyed": true
          },
          "cell": {
            "columnId": "Tradeverifyd",
            "rowId": "24. SD-JWT Credential with an Invalid Media Type"
          },
          "duration": 1166,
          "state": "passed",
          "speed": "slow"
        },
        {
          "type": "test",
          "title": "25. SD-JWT Presentation with an Invalid Media Type",
          "body": "async function() {\n            if (!features[requiredFeature]) {\n              console.log(`Skipping test \"${testName}\" for ${name} due to missing feature: ${requiredFeature}`);\n              this.skip();\n              return;\n            }\n\n            console.log(`Running test: ${testName} for implementation: ${name}`);\n            await generateTestResults(name, testConfig);\n            this.test.cell = {columnId: name, rowId: testName};\n            const result = await checkTestResults(name, testConfig);\n            console.log(`Test result for ${name} - ${testName}: ${result}`);\n            should.equal(result, testConfig.expected_result);\n\n            // Log the test result in a format that matches the report generator's expectations\n            console.log(`Reporter data: ${this.test.cell.columnId},${this.test.cell.rowId},${result}`);\n          }",
          "async": 0,
          "sync": true,
          "_timeout": 150000,
          "_slow": 75,
          "_retries": -1,
          "timedOut": false,
          "_currentRetry": 0,
          "pending": false,
          "file": "/home/runner/work/vc-jose-cose-test-suite/vc-jose-cose-test-suite/tests/test-runner.js",
          "parent": "VADwl46x78sw5owHhdPxw",
          "ctx": null,
          "_testId": "urn:uuid:355e1969-37b2-4c57-807a-12685336f62f",
          "_events": {},
          "_eventsCount": 1,
          "timer": {
            "_idleTimeout": -1,
            "_idlePrev": null,
            "_idleNext": null,
            "_idleStart": 103327,
            "_onTimeout": null,
            "_repeat": null,
            "_destroyed": true
          },
          "cell": {
            "columnId": "Tradeverifyd",
            "rowId": "25. SD-JWT Presentation with an Invalid Media Type"
          },
          "duration": 1184,
          "state": "passed",
          "speed": "slow"
        },
        {
          "type": "test",
          "title": "26. SD-JWT Presentation with Invalid Credentials",
          "body": "async function() {\n            if (!features[requiredFeature]) {\n              console.log(`Skipping test \"${testName}\" for ${name} due to missing feature: ${requiredFeature}`);\n              this.skip();\n              return;\n            }\n\n            console.log(`Running test: ${testName} for implementation: ${name}`);\n            await generateTestResults(name, testConfig);\n            this.test.cell = {columnId: name, rowId: testName};\n            const result = await checkTestResults(name, testConfig);\n            console.log(`Test result for ${name} - ${testName}: ${result}`);\n            should.equal(result, testConfig.expected_result);\n\n            // Log the test result in a format that matches the report generator's expectations\n            console.log(`Reporter data: ${this.test.cell.columnId},${this.test.cell.rowId},${result}`);\n          }",
          "async": 0,
          "sync": true,
          "_timeout": 150000,
          "_slow": 75,
          "_retries": -1,
          "timedOut": false,
          "_currentRetry": 0,
          "pending": false,
          "file": "/home/runner/work/vc-jose-cose-test-suite/vc-jose-cose-test-suite/tests/test-runner.js",
          "parent": "VADwl46x78sw5owHhdPxw",
          "ctx": null,
          "_testId": "urn:uuid:5a1d538b-4c9c-4777-9804-95a586255320",
          "_events": {},
          "_eventsCount": 1,
          "timer": {
            "_idleTimeout": -1,
            "_idlePrev": null,
            "_idleNext": null,
            "_idleStart": 104492,
            "_onTimeout": null,
            "_repeat": null,
            "_destroyed": true
          },
          "cell": {
            "columnId": "Tradeverifyd",
            "rowId": "26. SD-JWT Presentation with Invalid Credentials"
          },
          "duration": 1165,
          "state": "passed",
          "speed": "slow"
        },
        {
          "type": "test",
          "title": "17. SD-JWT Basic Credential Issuance",
          "body": "async function() {\n            if (!features[requiredFeature]) {\n              console.log(`Skipping test \"${testName}\" for ${name} due to missing feature: ${requiredFeature}`);\n              this.skip();\n              return;\n            }\n\n            console.log(`Running test: ${testName} for implementation: ${name}`);\n            await generateTestResults(name, testConfig);\n            this.test.cell = {columnId: name, rowId: testName};\n            const result = await checkTestResults(name, testConfig);\n            console.log(`Test result for ${name} - ${testName}: ${result}`);\n            should.equal(result, testConfig.expected_result);\n\n            // Log the test result in a format that matches the report generator's expectations\n            console.log(`Reporter data: ${this.test.cell.columnId},${this.test.cell.rowId},${result}`);\n          }",
          "async": 0,
          "sync": true,
          "_timeout": 150000,
          "_slow": 75,
          "_retries": -1,
          "timedOut": false,
          "_currentRetry": 0,
          "pending": false,
          "file": "/home/runner/work/vc-jose-cose-test-suite/vc-jose-cose-test-suite/tests/test-runner.js",
          "parent": "KNtPGDCWGELlmj_upmCeP",
          "ctx": null,
          "_testId": "urn:uuid:b4d3f36e-1e61-485d-9ea9-90300f2c85d7",
          "_events": {},
          "_eventsCount": 1,
          "timer": {
            "_idleTimeout": -1,
            "_idlePrev": null,
            "_idleNext": null,
            "_idleStart": 104937,
            "_onTimeout": null,
            "_repeat": null,
            "_destroyed": true
          },
          "cell": {
            "columnId": "decentralgabe",
            "rowId": "17. SD-JWT Basic Credential Issuance"
          },
          "duration": 445,
          "state": "passed",
          "speed": "slow"
        },
        {
          "type": "test",
          "title": "18. SD-JWT Complex Credential Issuance",
          "body": "async function() {\n            if (!features[requiredFeature]) {\n              console.log(`Skipping test \"${testName}\" for ${name} due to missing feature: ${requiredFeature}`);\n              this.skip();\n              return;\n            }\n\n            console.log(`Running test: ${testName} for implementation: ${name}`);\n            await generateTestResults(name, testConfig);\n            this.test.cell = {columnId: name, rowId: testName};\n            const result = await checkTestResults(name, testConfig);\n            console.log(`Test result for ${name} - ${testName}: ${result}`);\n            should.equal(result, testConfig.expected_result);\n\n            // Log the test result in a format that matches the report generator's expectations\n            console.log(`Reporter data: ${this.test.cell.columnId},${this.test.cell.rowId},${result}`);\n          }",
          "async": 0,
          "sync": true,
          "_timeout": 150000,
          "_slow": 75,
          "_retries": -1,
          "timedOut": false,
          "_currentRetry": 0,
          "pending": false,
          "file": "/home/runner/work/vc-jose-cose-test-suite/vc-jose-cose-test-suite/tests/test-runner.js",
          "parent": "KNtPGDCWGELlmj_upmCeP",
          "ctx": null,
          "_testId": "urn:uuid:d93f38c0-8e30-4190-a379-20a911c8d761",
          "_events": {},
          "_eventsCount": 1,
          "timer": {
            "_idleTimeout": -1,
            "_idlePrev": null,
            "_idleNext": null,
            "_idleStart": 105384,
            "_onTimeout": null,
            "_repeat": null,
            "_destroyed": true
          },
          "cell": {
            "columnId": "decentralgabe",
            "rowId": "18. SD-JWT Complex Credential Issuance"
          },
          "duration": 446,
          "state": "passed",
          "speed": "slow"
        },
        {
          "type": "test",
          "title": "19. SD-JWT Presentation Issuance",
          "body": "async function() {\n            if (!features[requiredFeature]) {\n              console.log(`Skipping test \"${testName}\" for ${name} due to missing feature: ${requiredFeature}`);\n              this.skip();\n              return;\n            }\n\n            console.log(`Running test: ${testName} for implementation: ${name}`);\n            await generateTestResults(name, testConfig);\n            this.test.cell = {columnId: name, rowId: testName};\n            const result = await checkTestResults(name, testConfig);\n            console.log(`Test result for ${name} - ${testName}: ${result}`);\n            should.equal(result, testConfig.expected_result);\n\n            // Log the test result in a format that matches the report generator's expectations\n            console.log(`Reporter data: ${this.test.cell.columnId},${this.test.cell.rowId},${result}`);\n          }",
          "async": 0,
          "sync": true,
          "_timeout": 150000,
          "_slow": 75,
          "_retries": -1,
          "timedOut": false,
          "_currentRetry": 0,
          "pending": false,
          "file": "/home/runner/work/vc-jose-cose-test-suite/vc-jose-cose-test-suite/tests/test-runner.js",
          "parent": "KNtPGDCWGELlmj_upmCeP",
          "ctx": null,
          "_testId": "urn:uuid:a3f6a65e-b3c7-477d-a464-fee5562ef141",
          "_events": {},
          "_eventsCount": 1,
          "timer": {
            "_idleTimeout": -1,
            "_idlePrev": null,
            "_idleNext": null,
            "_idleStart": 105823,
            "_onTimeout": null,
            "_repeat": null,
            "_destroyed": true
          },
          "cell": {
            "columnId": "decentralgabe",
            "rowId": "19. SD-JWT Presentation Issuance"
          },
          "duration": 440,
          "state": "passed",
          "speed": "slow"
        },
        {
          "type": "test",
          "title": "20. SD-JWT Basic Credential Verification",
          "body": "async function() {\n            if (!features[requiredFeature]) {\n              console.log(`Skipping test \"${testName}\" for ${name} due to missing feature: ${requiredFeature}`);\n              this.skip();\n              return;\n            }\n\n            console.log(`Running test: ${testName} for implementation: ${name}`);\n            await generateTestResults(name, testConfig);\n            this.test.cell = {columnId: name, rowId: testName};\n            const result = await checkTestResults(name, testConfig);\n            console.log(`Test result for ${name} - ${testName}: ${result}`);\n            should.equal(result, testConfig.expected_result);\n\n            // Log the test result in a format that matches the report generator's expectations\n            console.log(`Reporter data: ${this.test.cell.columnId},${this.test.cell.rowId},${result}`);\n          }",
          "async": 0,
          "sync": true,
          "_timeout": 150000,
          "_slow": 75,
          "_retries": -1,
          "timedOut": false,
          "_currentRetry": 0,
          "pending": false,
          "file": "/home/runner/work/vc-jose-cose-test-suite/vc-jose-cose-test-suite/tests/test-runner.js",
          "parent": "KNtPGDCWGELlmj_upmCeP",
          "ctx": null,
          "_testId": "urn:uuid:c76809ed-fd79-467f-bf67-9bcb2fab5b72",
          "_events": {},
          "_eventsCount": 1,
          "timer": {
            "_idleTimeout": -1,
            "_idlePrev": null,
            "_idleNext": null,
            "_idleStart": 106278,
            "_onTimeout": null,
            "_repeat": null,
            "_destroyed": true
          },
          "cell": {
            "columnId": "decentralgabe",
            "rowId": "20. SD-JWT Basic Credential Verification"
          },
          "duration": 455,
          "state": "passed",
          "speed": "slow"
        },
        {
          "type": "test",
          "title": "21. SD-JWT Complex Credential Verification",
          "body": "async function() {\n            if (!features[requiredFeature]) {\n              console.log(`Skipping test \"${testName}\" for ${name} due to missing feature: ${requiredFeature}`);\n              this.skip();\n              return;\n            }\n\n            console.log(`Running test: ${testName} for implementation: ${name}`);\n            await generateTestResults(name, testConfig);\n            this.test.cell = {columnId: name, rowId: testName};\n            const result = await checkTestResults(name, testConfig);\n            console.log(`Test result for ${name} - ${testName}: ${result}`);\n            should.equal(result, testConfig.expected_result);\n\n            // Log the test result in a format that matches the report generator's expectations\n            console.log(`Reporter data: ${this.test.cell.columnId},${this.test.cell.rowId},${result}`);\n          }",
          "async": 0,
          "sync": true,
          "_timeout": 150000,
          "_slow": 75,
          "_retries": -1,
          "timedOut": false,
          "_currentRetry": 0,
          "pending": false,
          "file": "/home/runner/work/vc-jose-cose-test-suite/vc-jose-cose-test-suite/tests/test-runner.js",
          "parent": "KNtPGDCWGELlmj_upmCeP",
          "ctx": null,
          "_testId": "urn:uuid:a95a64d6-d323-47cb-8ecd-6d8187827893",
          "_events": {},
          "_eventsCount": 1,
          "timer": {
            "_idleTimeout": -1,
            "_idlePrev": null,
            "_idleNext": null,
            "_idleStart": 106731,
            "_onTimeout": null,
            "_repeat": null,
            "_destroyed": true
          },
          "cell": {
            "columnId": "decentralgabe",
            "rowId": "21. SD-JWT Complex Credential Verification"
          },
          "duration": 454,
          "state": "passed",
          "speed": "slow"
        },
        {
          "type": "test",
          "title": "22. SD-JWT Presentation Verification",
          "body": "async function() {\n            if (!features[requiredFeature]) {\n              console.log(`Skipping test \"${testName}\" for ${name} due to missing feature: ${requiredFeature}`);\n              this.skip();\n              return;\n            }\n\n            console.log(`Running test: ${testName} for implementation: ${name}`);\n            await generateTestResults(name, testConfig);\n            this.test.cell = {columnId: name, rowId: testName};\n            const result = await checkTestResults(name, testConfig);\n            console.log(`Test result for ${name} - ${testName}: ${result}`);\n            should.equal(result, testConfig.expected_result);\n\n            // Log the test result in a format that matches the report generator's expectations\n            console.log(`Reporter data: ${this.test.cell.columnId},${this.test.cell.rowId},${result}`);\n          }",
          "async": 0,
          "sync": true,
          "_timeout": 150000,
          "_slow": 75,
          "_retries": -1,
          "timedOut": false,
          "_currentRetry": 0,
          "pending": false,
          "file": "/home/runner/work/vc-jose-cose-test-suite/vc-jose-cose-test-suite/tests/test-runner.js",
          "parent": "KNtPGDCWGELlmj_upmCeP",
          "ctx": null,
          "_testId": "urn:uuid:abeedf00-f03b-449b-8e96-fbd671d19f24",
          "_events": {},
          "_eventsCount": 1,
          "timer": {
            "_idleTimeout": -1,
            "_idlePrev": null,
            "_idleNext": null,
            "_idleStart": 107181,
            "_onTimeout": null,
            "_repeat": null,
            "_destroyed": true
          },
          "cell": {
            "columnId": "decentralgabe",
            "rowId": "22. SD-JWT Presentation Verification"
          },
          "duration": 449,
          "state": "passed",
          "speed": "slow"
        },
        {
          "type": "test",
          "title": "23. SD-JWT Credential With an Invalid Signature",
          "body": "async function() {\n            if (!features[requiredFeature]) {\n              console.log(`Skipping test \"${testName}\" for ${name} due to missing feature: ${requiredFeature}`);\n              this.skip();\n              return;\n            }\n\n            console.log(`Running test: ${testName} for implementation: ${name}`);\n            await generateTestResults(name, testConfig);\n            this.test.cell = {columnId: name, rowId: testName};\n            const result = await checkTestResults(name, testConfig);\n            console.log(`Test result for ${name} - ${testName}: ${result}`);\n            should.equal(result, testConfig.expected_result);\n\n            // Log the test result in a format that matches the report generator's expectations\n            console.log(`Reporter data: ${this.test.cell.columnId},${this.test.cell.rowId},${result}`);\n          }",
          "async": 0,
          "sync": true,
          "_timeout": 150000,
          "_slow": 75,
          "_retries": -1,
          "timedOut": false,
          "_currentRetry": 0,
          "pending": false,
          "file": "/home/runner/work/vc-jose-cose-test-suite/vc-jose-cose-test-suite/tests/test-runner.js",
          "parent": "KNtPGDCWGELlmj_upmCeP",
          "ctx": null,
          "_testId": "urn:uuid:975e096d-83ad-4a18-9ea8-3eca692c73f1",
          "_events": {},
          "_eventsCount": 1,
          "timer": {
            "_idleTimeout": -1,
            "_idlePrev": null,
            "_idleNext": null,
            "_idleStart": 107623,
            "_onTimeout": null,
            "_repeat": null,
            "_destroyed": true
          },
          "cell": {
            "columnId": "decentralgabe",
            "rowId": "23. SD-JWT Credential With an Invalid Signature"
          },
          "duration": 442,
          "state": "passed",
          "speed": "slow"
        },
        {
          "type": "test",
          "title": "24. SD-JWT Credential with an Invalid Media Type",
          "body": "async function() {\n            if (!features[requiredFeature]) {\n              console.log(`Skipping test \"${testName}\" for ${name} due to missing feature: ${requiredFeature}`);\n              this.skip();\n              return;\n            }\n\n            console.log(`Running test: ${testName} for implementation: ${name}`);\n            await generateTestResults(name, testConfig);\n            this.test.cell = {columnId: name, rowId: testName};\n            const result = await checkTestResults(name, testConfig);\n            console.log(`Test result for ${name} - ${testName}: ${result}`);\n            should.equal(result, testConfig.expected_result);\n\n            // Log the test result in a format that matches the report generator's expectations\n            console.log(`Reporter data: ${this.test.cell.columnId},${this.test.cell.rowId},${result}`);\n          }",
          "async": 0,
          "sync": true,
          "_timeout": 150000,
          "_slow": 75,
          "_retries": -1,
          "timedOut": false,
          "_currentRetry": 0,
          "pending": false,
          "file": "/home/runner/work/vc-jose-cose-test-suite/vc-jose-cose-test-suite/tests/test-runner.js",
          "parent": "KNtPGDCWGELlmj_upmCeP",
          "ctx": null,
          "_testId": "urn:uuid:912a00af-5c8a-4685-be91-b45bab02b1b0",
          "_events": {},
          "_eventsCount": 1,
          "timer": {
            "_idleTimeout": -1,
            "_idlePrev": null,
            "_idleNext": null,
            "_idleStart": 108061,
            "_onTimeout": null,
            "_repeat": null,
            "_destroyed": true
          },
          "cell": {
            "columnId": "decentralgabe",
            "rowId": "24. SD-JWT Credential with an Invalid Media Type"
          },
          "duration": 438,
          "state": "passed",
          "speed": "slow"
        },
        {
          "type": "test",
          "title": "25. SD-JWT Presentation with an Invalid Media Type",
          "body": "async function() {\n            if (!features[requiredFeature]) {\n              console.log(`Skipping test \"${testName}\" for ${name} due to missing feature: ${requiredFeature}`);\n              this.skip();\n              return;\n            }\n\n            console.log(`Running test: ${testName} for implementation: ${name}`);\n            await generateTestResults(name, testConfig);\n            this.test.cell = {columnId: name, rowId: testName};\n            const result = await checkTestResults(name, testConfig);\n            console.log(`Test result for ${name} - ${testName}: ${result}`);\n            should.equal(result, testConfig.expected_result);\n\n            // Log the test result in a format that matches the report generator's expectations\n            console.log(`Reporter data: ${this.test.cell.columnId},${this.test.cell.rowId},${result}`);\n          }",
          "async": 0,
          "sync": true,
          "_timeout": 150000,
          "_slow": 75,
          "_retries": -1,
          "timedOut": false,
          "_currentRetry": 0,
          "pending": false,
          "file": "/home/runner/work/vc-jose-cose-test-suite/vc-jose-cose-test-suite/tests/test-runner.js",
          "parent": "KNtPGDCWGELlmj_upmCeP",
          "ctx": null,
          "_testId": "urn:uuid:4fe3012b-c351-405c-9c83-07f3383e2a9c",
          "_events": {},
          "_eventsCount": 1,
          "timer": {
            "_idleTimeout": -1,
            "_idlePrev": null,
            "_idleNext": null,
            "_idleStart": 108506,
            "_onTimeout": null,
            "_repeat": null,
            "_destroyed": true
          },
          "cell": {
            "columnId": "decentralgabe",
            "rowId": "25. SD-JWT Presentation with an Invalid Media Type"
          },
          "duration": 445,
          "state": "passed",
          "speed": "slow"
        },
        {
          "type": "test",
          "title": "26. SD-JWT Presentation with Invalid Credentials",
          "body": "async function() {\n            if (!features[requiredFeature]) {\n              console.log(`Skipping test \"${testName}\" for ${name} due to missing feature: ${requiredFeature}`);\n              this.skip();\n              return;\n            }\n\n            console.log(`Running test: ${testName} for implementation: ${name}`);\n            await generateTestResults(name, testConfig);\n            this.test.cell = {columnId: name, rowId: testName};\n            const result = await checkTestResults(name, testConfig);\n            console.log(`Test result for ${name} - ${testName}: ${result}`);\n            should.equal(result, testConfig.expected_result);\n\n            // Log the test result in a format that matches the report generator's expectations\n            console.log(`Reporter data: ${this.test.cell.columnId},${this.test.cell.rowId},${result}`);\n          }",
          "async": 0,
          "sync": true,
          "_timeout": 150000,
          "_slow": 75,
          "_retries": -1,
          "timedOut": false,
          "_currentRetry": 0,
          "pending": false,
          "file": "/home/runner/work/vc-jose-cose-test-suite/vc-jose-cose-test-suite/tests/test-runner.js",
          "parent": "KNtPGDCWGELlmj_upmCeP",
          "ctx": null,
          "_testId": "urn:uuid:7922f30f-3432-40c8-a006-a32e1a9633d1",
          "_events": {},
          "_eventsCount": 1,
          "timer": {
            "_idleTimeout": -1,
            "_idlePrev": null,
            "_idleNext": null,
            "_idleStart": 108962,
            "_onTimeout": null,
            "_repeat": null,
            "_destroyed": true
          },
          "cell": {
            "columnId": "decentralgabe",
            "rowId": "26. SD-JWT Presentation with Invalid Credentials"
          },
          "duration": 456,
          "state": "passed",
          "speed": "slow"
        }
      ],
      "root": false,
      "pending": false,
      "_retries": -1,
      "_beforeEach": [],
      "_beforeAll": [],
      "_afterEach": [],
      "_afterAll": [],
      "_timeout": 150000,
      "_slow": 75,
      "_bail": false,
      "_onlyTests": [],
      "_onlySuites": [],
      "delayed": false,
      "parent": "rDt9o6_kqOEyjRD6tydBv",
      "file": "/home/runner/work/vc-jose-cose-test-suite/vc-jose-cose-test-suite/tests/test-runner.js",
      "matrix": true,
      "report": true,
      "implemented": [
        "Mavennet",
        "Tradeverifyd",
        "decentralgabe"
      ],
      "rowLabel": "Test Name",
      "columnLabel": "Implementation",
      "_testId": "urn:uuid:0e7762ce-0830-4228-b0e0-2559c97b5d63"
    },
    {
      "title": "COSE Tests",
      "ctx": null,
      "suites": [
        {
          "title": "Mavennet",
          "ctx": null,
          "suites": [],
          "tests": [
            {
              "type": "test",
              "title": "27. COSE Basic Credential Issuance",
              "body": "async function() {\n            if (!features[requiredFeature]) {\n              console.log(`Skipping test \"${testName}\" for ${name} due to missing feature: ${requiredFeature}`);\n              this.skip();\n              return;\n            }\n\n            console.log(`Running test: ${testName} for implementation: ${name}`);\n            await generateTestResults(name, testConfig);\n            this.test.cell = {columnId: name, rowId: testName};\n            const result = await checkTestResults(name, testConfig);\n            console.log(`Test result for ${name} - ${testName}: ${result}`);\n            should.equal(result, testConfig.expected_result);\n\n            // Log the test result in a format that matches the report generator's expectations\n            console.log(`Reporter data: ${this.test.cell.columnId},${this.test.cell.rowId},${result}`);\n          }",
              "async": 0,
              "sync": true,
              "_timeout": 150000,
              "_slow": 75,
              "_retries": -1,
              "timedOut": false,
              "_currentRetry": 0,
              "pending": false,
              "file": "/home/runner/work/vc-jose-cose-test-suite/vc-jose-cose-test-suite/tests/test-runner.js",
              "parent": "fxjJ_KGKTnXl288-Eumts",
              "ctx": null,
              "_testId": "urn:uuid:f452c139-9597-4c48-aae5-60e3364349e7",
              "_events": {},
              "_eventsCount": 1,
              "timer": {
                "_idleTimeout": -1,
                "_idlePrev": null,
                "_idleNext": null,
                "_idleStart": 109840,
                "_onTimeout": null,
                "_repeat": null,
                "_destroyed": true
              },
              "cell": {
                "columnId": "Mavennet",
                "rowId": "27. COSE Basic Credential Issuance"
              },
              "duration": 878,
              "state": "passed",
              "speed": "slow"
            },
            {
              "type": "test",
              "title": "28. COSE Basic Presentation Issuance",
              "body": "async function() {\n            if (!features[requiredFeature]) {\n              console.log(`Skipping test \"${testName}\" for ${name} due to missing feature: ${requiredFeature}`);\n              this.skip();\n              return;\n            }\n\n            console.log(`Running test: ${testName} for implementation: ${name}`);\n            await generateTestResults(name, testConfig);\n            this.test.cell = {columnId: name, rowId: testName};\n            const result = await checkTestResults(name, testConfig);\n            console.log(`Test result for ${name} - ${testName}: ${result}`);\n            should.equal(result, testConfig.expected_result);\n\n            // Log the test result in a format that matches the report generator's expectations\n            console.log(`Reporter data: ${this.test.cell.columnId},${this.test.cell.rowId},${result}`);\n          }",
              "async": 0,
              "sync": true,
              "_timeout": 150000,
              "_slow": 75,
              "_retries": -1,
              "timedOut": false,
              "_currentRetry": 0,
              "pending": false,
              "file": "/home/runner/work/vc-jose-cose-test-suite/vc-jose-cose-test-suite/tests/test-runner.js",
              "parent": "fxjJ_KGKTnXl288-Eumts",
              "ctx": null,
              "_testId": "urn:uuid:720204d6-2082-4878-b0e0-302f2994ca6b",
              "_events": {},
              "_eventsCount": 1,
              "timer": {
                "_idleTimeout": -1,
                "_idlePrev": null,
                "_idleNext": null,
                "_idleStart": 110724,
                "_onTimeout": null,
                "_repeat": null,
                "_destroyed": true
              },
              "cell": {
                "columnId": "Mavennet",
                "rowId": "28. COSE Basic Presentation Issuance"
              },
              "duration": 884,
              "state": "passed",
              "speed": "slow"
            },
            {
              "type": "test",
              "title": "29. COSE Basic Credential Verification",
              "body": "async function() {\n            if (!features[requiredFeature]) {\n              console.log(`Skipping test \"${testName}\" for ${name} due to missing feature: ${requiredFeature}`);\n              this.skip();\n              return;\n            }\n\n            console.log(`Running test: ${testName} for implementation: ${name}`);\n            await generateTestResults(name, testConfig);\n            this.test.cell = {columnId: name, rowId: testName};\n            const result = await checkTestResults(name, testConfig);\n            console.log(`Test result for ${name} - ${testName}: ${result}`);\n            should.equal(result, testConfig.expected_result);\n\n            // Log the test result in a format that matches the report generator's expectations\n            console.log(`Reporter data: ${this.test.cell.columnId},${this.test.cell.rowId},${result}`);\n          }",
              "async": 0,
              "sync": true,
              "_timeout": 150000,
              "_slow": 75,
              "_retries": -1,
              "timedOut": false,
              "_currentRetry": 0,
              "pending": false,
              "file": "/home/runner/work/vc-jose-cose-test-suite/vc-jose-cose-test-suite/tests/test-runner.js",
              "parent": "fxjJ_KGKTnXl288-Eumts",
              "ctx": null,
              "_testId": "urn:uuid:e5545ebe-37a0-4088-9a35-d8bc9ca063e7",
              "_events": {},
              "_eventsCount": 1,
              "timer": {
                "_idleTimeout": -1,
                "_idlePrev": null,
                "_idleNext": null,
                "_idleStart": 111603,
                "_onTimeout": null,
                "_repeat": null,
                "_destroyed": true
              },
              "cell": {
                "columnId": "Mavennet",
                "rowId": "29. COSE Basic Credential Verification"
              },
              "duration": 878,
              "state": "passed",
              "speed": "slow"
            },
            {
              "type": "test",
              "title": "30. COSE Credential Verification Incorrect Encoding",
              "body": "async function() {\n            if (!features[requiredFeature]) {\n              console.log(`Skipping test \"${testName}\" for ${name} due to missing feature: ${requiredFeature}`);\n              this.skip();\n              return;\n            }\n\n            console.log(`Running test: ${testName} for implementation: ${name}`);\n            await generateTestResults(name, testConfig);\n            this.test.cell = {columnId: name, rowId: testName};\n            const result = await checkTestResults(name, testConfig);\n            console.log(`Test result for ${name} - ${testName}: ${result}`);\n            should.equal(result, testConfig.expected_result);\n\n            // Log the test result in a format that matches the report generator's expectations\n            console.log(`Reporter data: ${this.test.cell.columnId},${this.test.cell.rowId},${result}`);\n          }",
              "async": 0,
              "sync": true,
              "_timeout": 150000,
              "_slow": 75,
              "_retries": -1,
              "timedOut": false,
              "_currentRetry": 0,
              "pending": false,
              "file": "/home/runner/work/vc-jose-cose-test-suite/vc-jose-cose-test-suite/tests/test-runner.js",
              "parent": "fxjJ_KGKTnXl288-Eumts",
              "ctx": null,
              "_testId": "urn:uuid:5fa8b410-00bf-412a-a861-3a9804275485",
              "_events": {},
              "_eventsCount": 1,
              "timer": {
                "_idleTimeout": -1,
                "_idlePrev": null,
                "_idleNext": null,
                "_idleStart": 112485,
                "_onTimeout": null,
                "_repeat": null,
                "_destroyed": true
              },
              "cell": {
                "columnId": "Mavennet",
                "rowId": "30. COSE Credential Verification Incorrect Encoding"
              },
              "duration": 881,
              "state": "passed",
              "speed": "slow"
            },
            {
              "type": "test",
              "title": "31. COSE Basic Presentation Verification",
              "body": "async function() {\n            if (!features[requiredFeature]) {\n              console.log(`Skipping test \"${testName}\" for ${name} due to missing feature: ${requiredFeature}`);\n              this.skip();\n              return;\n            }\n\n            console.log(`Running test: ${testName} for implementation: ${name}`);\n            await generateTestResults(name, testConfig);\n            this.test.cell = {columnId: name, rowId: testName};\n            const result = await checkTestResults(name, testConfig);\n            console.log(`Test result for ${name} - ${testName}: ${result}`);\n            should.equal(result, testConfig.expected_result);\n\n            // Log the test result in a format that matches the report generator's expectations\n            console.log(`Reporter data: ${this.test.cell.columnId},${this.test.cell.rowId},${result}`);\n          }",
              "async": 0,
              "sync": true,
              "_timeout": 150000,
              "_slow": 75,
              "_retries": -1,
              "timedOut": false,
              "_currentRetry": 0,
              "pending": false,
              "file": "/home/runner/work/vc-jose-cose-test-suite/vc-jose-cose-test-suite/tests/test-runner.js",
              "parent": "fxjJ_KGKTnXl288-Eumts",
              "ctx": null,
              "_testId": "urn:uuid:baee31ad-0a6a-40d5-b434-29d6e934bc57",
              "_events": {},
              "_eventsCount": 1,
              "timer": {
                "_idleTimeout": -1,
                "_idlePrev": null,
                "_idleNext": null,
                "_idleStart": 113368,
                "_onTimeout": null,
                "_repeat": null,
                "_destroyed": true
              },
              "cell": {
                "columnId": "Mavennet",
                "rowId": "31. COSE Basic Presentation Verification"
              },
              "duration": 883,
              "state": "passed",
              "speed": "slow"
            },
            {
              "type": "test",
              "title": "32. COSE Credential With an Invalid Signature",
              "body": "async function() {\n            if (!features[requiredFeature]) {\n              console.log(`Skipping test \"${testName}\" for ${name} due to missing feature: ${requiredFeature}`);\n              this.skip();\n              return;\n            }\n\n            console.log(`Running test: ${testName} for implementation: ${name}`);\n            await generateTestResults(name, testConfig);\n            this.test.cell = {columnId: name, rowId: testName};\n            const result = await checkTestResults(name, testConfig);\n            console.log(`Test result for ${name} - ${testName}: ${result}`);\n            should.equal(result, testConfig.expected_result);\n\n            // Log the test result in a format that matches the report generator's expectations\n            console.log(`Reporter data: ${this.test.cell.columnId},${this.test.cell.rowId},${result}`);\n          }",
              "async": 0,
              "sync": true,
              "_timeout": 150000,
              "_slow": 75,
              "_retries": -1,
              "timedOut": false,
              "_currentRetry": 0,
              "pending": false,
              "file": "/home/runner/work/vc-jose-cose-test-suite/vc-jose-cose-test-suite/tests/test-runner.js",
              "parent": "fxjJ_KGKTnXl288-Eumts",
              "ctx": null,
              "_testId": "urn:uuid:4779d220-5df3-47bc-9e7d-ca0d8f14af04",
              "_events": {},
              "_eventsCount": 1,
              "timer": {
                "_idleTimeout": -1,
                "_idlePrev": null,
                "_idleNext": null,
                "_idleStart": 114247,
                "_onTimeout": null,
                "_repeat": null,
                "_destroyed": true
              },
              "cell": {
                "columnId": "Mavennet",
                "rowId": "32. COSE Credential With an Invalid Signature"
              },
              "duration": 879,
              "state": "passed",
              "speed": "slow"
            },
            {
              "type": "test",
              "title": "33. COSE Credential with an Invalid Media Type",
              "body": "async function() {\n            if (!features[requiredFeature]) {\n              console.log(`Skipping test \"${testName}\" for ${name} due to missing feature: ${requiredFeature}`);\n              this.skip();\n              return;\n            }\n\n            console.log(`Running test: ${testName} for implementation: ${name}`);\n            await generateTestResults(name, testConfig);\n            this.test.cell = {columnId: name, rowId: testName};\n            const result = await checkTestResults(name, testConfig);\n            console.log(`Test result for ${name} - ${testName}: ${result}`);\n            should.equal(result, testConfig.expected_result);\n\n            // Log the test result in a format that matches the report generator's expectations\n            console.log(`Reporter data: ${this.test.cell.columnId},${this.test.cell.rowId},${result}`);\n          }",
              "async": 0,
              "sync": true,
              "_timeout": 150000,
              "_slow": 75,
              "_retries": -1,
              "timedOut": false,
              "_currentRetry": 0,
              "pending": false,
              "file": "/home/runner/work/vc-jose-cose-test-suite/vc-jose-cose-test-suite/tests/test-runner.js",
              "parent": "fxjJ_KGKTnXl288-Eumts",
              "ctx": null,
              "_testId": "urn:uuid:4aaea17c-24b0-47df-a966-bdebbd2bf496",
              "_events": {},
              "_eventsCount": 1,
              "timer": {
                "_idleTimeout": -1,
                "_idlePrev": null,
                "_idleNext": null,
                "_idleStart": 115150,
                "_onTimeout": null,
                "_repeat": null,
                "_destroyed": true
              },
              "cell": {
                "columnId": "Mavennet",
                "rowId": "33. COSE Credential with an Invalid Media Type"
              },
              "duration": 903,
              "state": "passed",
              "speed": "slow"
            },
            {
              "type": "test",
              "title": "34. COSE Presentation with an Invalid Media Type",
              "body": "async function() {\n            if (!features[requiredFeature]) {\n              console.log(`Skipping test \"${testName}\" for ${name} due to missing feature: ${requiredFeature}`);\n              this.skip();\n              return;\n            }\n\n            console.log(`Running test: ${testName} for implementation: ${name}`);\n            await generateTestResults(name, testConfig);\n            this.test.cell = {columnId: name, rowId: testName};\n            const result = await checkTestResults(name, testConfig);\n            console.log(`Test result for ${name} - ${testName}: ${result}`);\n            should.equal(result, testConfig.expected_result);\n\n            // Log the test result in a format that matches the report generator's expectations\n            console.log(`Reporter data: ${this.test.cell.columnId},${this.test.cell.rowId},${result}`);\n          }",
              "async": 0,
              "sync": true,
              "_timeout": 150000,
              "_slow": 75,
              "_retries": -1,
              "timedOut": false,
              "_currentRetry": 0,
              "pending": false,
              "file": "/home/runner/work/vc-jose-cose-test-suite/vc-jose-cose-test-suite/tests/test-runner.js",
              "parent": "fxjJ_KGKTnXl288-Eumts",
              "ctx": null,
              "_testId": "urn:uuid:b7371d07-67fc-4308-bff7-cb25ee37ab54",
              "_events": {},
              "_eventsCount": 1,
              "timer": {
                "_idleTimeout": -1,
                "_idlePrev": null,
                "_idleNext": null,
                "_idleStart": 116054,
                "_onTimeout": null,
                "_repeat": null,
                "_destroyed": true
              },
              "cell": {
                "columnId": "Mavennet",
                "rowId": "34. COSE Presentation with an Invalid Media Type"
              },
              "duration": 904,
              "state": "passed",
              "speed": "slow"
            },
            {
              "type": "test",
              "title": "35. COSE Presentation with Invalid Credentials",
              "body": "async function() {\n            if (!features[requiredFeature]) {\n              console.log(`Skipping test \"${testName}\" for ${name} due to missing feature: ${requiredFeature}`);\n              this.skip();\n              return;\n            }\n\n            console.log(`Running test: ${testName} for implementation: ${name}`);\n            await generateTestResults(name, testConfig);\n            this.test.cell = {columnId: name, rowId: testName};\n            const result = await checkTestResults(name, testConfig);\n            console.log(`Test result for ${name} - ${testName}: ${result}`);\n            should.equal(result, testConfig.expected_result);\n\n            // Log the test result in a format that matches the report generator's expectations\n            console.log(`Reporter data: ${this.test.cell.columnId},${this.test.cell.rowId},${result}`);\n          }",
              "async": 0,
              "sync": true,
              "_timeout": 150000,
              "_slow": 75,
              "_retries": -1,
              "timedOut": false,
              "_currentRetry": 0,
              "pending": false,
              "file": "/home/runner/work/vc-jose-cose-test-suite/vc-jose-cose-test-suite/tests/test-runner.js",
              "parent": "fxjJ_KGKTnXl288-Eumts",
              "ctx": null,
              "_testId": "urn:uuid:80910199-e6c2-4bd6-9a3c-9f166de7e7da",
              "_events": {},
              "_eventsCount": 1,
              "timer": {
                "_idleTimeout": -1,
                "_idlePrev": null,
                "_idleNext": null,
                "_idleStart": 116931,
                "_onTimeout": null,
                "_repeat": null,
                "_destroyed": true
              },
              "cell": {
                "columnId": "Mavennet",
                "rowId": "35. COSE Presentation with Invalid Credentials"
              },
              "duration": 878,
              "state": "failed",
              "err": {
                "name": "AssertionError",
                "message": "expected 'success' to equal 'failure'",
                "showDiff": true,
                "actual": "success",
                "expected": "failure",
                "operator": "strictEqual",
                "stack": "AssertionError: expected 'success' to equal 'failure'\n    at should.equal (node_modules/chai/lib/chai/interface/should.js:98:35)\n    at Context.<anonymous> (file:///home/runner/work/vc-jose-cose-test-suite/vc-jose-cose-test-suite/tests/test-runner.js:46:20)"
              }
            }
          ],
          "root": false,
          "pending": false,
          "_retries": -1,
          "_beforeEach": [],
          "_beforeAll": [],
          "_afterEach": [],
          "_afterAll": [],
          "_timeout": 150000,
          "_slow": 75,
          "_bail": false,
          "_onlyTests": [],
          "_onlySuites": [],
          "delayed": false,
          "parent": "c7utb2JbeSYlAD2gZ_GNN",
          "file": "/home/runner/work/vc-jose-cose-test-suite/vc-jose-cose-test-suite/tests/test-runner.js",
          "_testId": "urn:uuid:974fe760-4443-49b5-992a-0ff83a8ef230"
        },
        {
          "title": "Tradeverifyd",
          "ctx": null,
          "suites": [],
          "tests": [
            {
              "type": "test",
              "title": "27. COSE Basic Credential Issuance",
              "body": "async function() {\n            if (!features[requiredFeature]) {\n              console.log(`Skipping test \"${testName}\" for ${name} due to missing feature: ${requiredFeature}`);\n              this.skip();\n              return;\n            }\n\n            console.log(`Running test: ${testName} for implementation: ${name}`);\n            await generateTestResults(name, testConfig);\n            this.test.cell = {columnId: name, rowId: testName};\n            const result = await checkTestResults(name, testConfig);\n            console.log(`Test result for ${name} - ${testName}: ${result}`);\n            should.equal(result, testConfig.expected_result);\n\n            // Log the test result in a format that matches the report generator's expectations\n            console.log(`Reporter data: ${this.test.cell.columnId},${this.test.cell.rowId},${result}`);\n          }",
              "async": 0,
              "sync": true,
              "_timeout": 150000,
              "_slow": 75,
              "_retries": -1,
              "timedOut": false,
              "_currentRetry": 0,
              "pending": false,
              "file": "/home/runner/work/vc-jose-cose-test-suite/vc-jose-cose-test-suite/tests/test-runner.js",
              "parent": "rnynqEmKJ83qj6WdSiyW0",
              "ctx": null,
              "_testId": "urn:uuid:b69cfdaa-18fb-4f92-a802-97e1fa464e5b",
              "_events": {},
              "_eventsCount": 1,
              "timer": {
                "_idleTimeout": -1,
                "_idlePrev": null,
                "_idleNext": null,
                "_idleStart": 118105,
                "_onTimeout": null,
                "_repeat": null,
                "_destroyed": true
              },
              "cell": {
                "columnId": "Tradeverifyd",
                "rowId": "27. COSE Basic Credential Issuance"
              },
              "duration": 1172,
              "state": "passed",
              "speed": "slow"
            },
            {
              "type": "test",
              "title": "28. COSE Basic Presentation Issuance",
              "body": "async function() {\n            if (!features[requiredFeature]) {\n              console.log(`Skipping test \"${testName}\" for ${name} due to missing feature: ${requiredFeature}`);\n              this.skip();\n              return;\n            }\n\n            console.log(`Running test: ${testName} for implementation: ${name}`);\n            await generateTestResults(name, testConfig);\n            this.test.cell = {columnId: name, rowId: testName};\n            const result = await checkTestResults(name, testConfig);\n            console.log(`Test result for ${name} - ${testName}: ${result}`);\n            should.equal(result, testConfig.expected_result);\n\n            // Log the test result in a format that matches the report generator's expectations\n            console.log(`Reporter data: ${this.test.cell.columnId},${this.test.cell.rowId},${result}`);\n          }",
              "async": 0,
              "sync": true,
              "_timeout": 150000,
              "_slow": 75,
              "_retries": -1,
              "timedOut": false,
              "_currentRetry": 0,
              "pending": false,
              "file": "/home/runner/work/vc-jose-cose-test-suite/vc-jose-cose-test-suite/tests/test-runner.js",
              "parent": "rnynqEmKJ83qj6WdSiyW0",
              "ctx": null,
              "_testId": "urn:uuid:0d81237c-301c-40e6-ac8e-15da6a75d7f8",
              "_events": {},
              "_eventsCount": 1,
              "timer": {
                "_idleTimeout": -1,
                "_idlePrev": null,
                "_idleNext": null,
                "_idleStart": 119297,
                "_onTimeout": null,
                "_repeat": null,
                "_destroyed": true
              },
              "cell": {
                "columnId": "Tradeverifyd",
                "rowId": "28. COSE Basic Presentation Issuance"
              },
              "duration": 1192,
              "state": "passed",
              "speed": "slow"
            },
            {
              "type": "test",
              "title": "29. COSE Basic Credential Verification",
              "body": "async function() {\n            if (!features[requiredFeature]) {\n              console.log(`Skipping test \"${testName}\" for ${name} due to missing feature: ${requiredFeature}`);\n              this.skip();\n              return;\n            }\n\n            console.log(`Running test: ${testName} for implementation: ${name}`);\n            await generateTestResults(name, testConfig);\n            this.test.cell = {columnId: name, rowId: testName};\n            const result = await checkTestResults(name, testConfig);\n            console.log(`Test result for ${name} - ${testName}: ${result}`);\n            should.equal(result, testConfig.expected_result);\n\n            // Log the test result in a format that matches the report generator's expectations\n            console.log(`Reporter data: ${this.test.cell.columnId},${this.test.cell.rowId},${result}`);\n          }",
              "async": 0,
              "sync": true,
              "_timeout": 150000,
              "_slow": 75,
              "_retries": -1,
              "timedOut": false,
              "_currentRetry": 0,
              "pending": false,
              "file": "/home/runner/work/vc-jose-cose-test-suite/vc-jose-cose-test-suite/tests/test-runner.js",
              "parent": "rnynqEmKJ83qj6WdSiyW0",
              "ctx": null,
              "_testId": "urn:uuid:a0094bfa-d560-4bde-ac9a-23bdbe42cdc6",
              "_events": {},
              "_eventsCount": 1,
              "timer": {
                "_idleTimeout": -1,
                "_idlePrev": null,
                "_idleNext": null,
                "_idleStart": 120474,
                "_onTimeout": null,
                "_repeat": null,
                "_destroyed": true
              },
              "cell": {
                "columnId": "Tradeverifyd",
                "rowId": "29. COSE Basic Credential Verification"
              },
              "duration": 1177,
              "state": "passed",
              "speed": "slow"
            },
            {
              "type": "test",
              "title": "30. COSE Credential Verification Incorrect Encoding",
              "body": "async function() {\n            if (!features[requiredFeature]) {\n              console.log(`Skipping test \"${testName}\" for ${name} due to missing feature: ${requiredFeature}`);\n              this.skip();\n              return;\n            }\n\n            console.log(`Running test: ${testName} for implementation: ${name}`);\n            await generateTestResults(name, testConfig);\n            this.test.cell = {columnId: name, rowId: testName};\n            const result = await checkTestResults(name, testConfig);\n            console.log(`Test result for ${name} - ${testName}: ${result}`);\n            should.equal(result, testConfig.expected_result);\n\n            // Log the test result in a format that matches the report generator's expectations\n            console.log(`Reporter data: ${this.test.cell.columnId},${this.test.cell.rowId},${result}`);\n          }",
              "async": 0,
              "sync": true,
              "_timeout": 150000,
              "_slow": 75,
              "_retries": -1,
              "timedOut": false,
              "_currentRetry": 0,
              "pending": false,
              "file": "/home/runner/work/vc-jose-cose-test-suite/vc-jose-cose-test-suite/tests/test-runner.js",
              "parent": "rnynqEmKJ83qj6WdSiyW0",
              "ctx": null,
              "_testId": "urn:uuid:094a8ea2-14d9-42b2-bc07-bf3ce11fffe8",
              "_events": {},
              "_eventsCount": 1,
              "timer": {
                "_idleTimeout": -1,
                "_idlePrev": null,
                "_idleNext": null,
                "_idleStart": 121646,
                "_onTimeout": null,
                "_repeat": null,
                "_destroyed": true
              },
              "cell": {
                "columnId": "Tradeverifyd",
                "rowId": "30. COSE Credential Verification Incorrect Encoding"
              },
              "duration": 1172,
              "state": "passed",
              "speed": "slow"
            },
            {
              "type": "test",
              "title": "31. COSE Basic Presentation Verification",
              "body": "async function() {\n            if (!features[requiredFeature]) {\n              console.log(`Skipping test \"${testName}\" for ${name} due to missing feature: ${requiredFeature}`);\n              this.skip();\n              return;\n            }\n\n            console.log(`Running test: ${testName} for implementation: ${name}`);\n            await generateTestResults(name, testConfig);\n            this.test.cell = {columnId: name, rowId: testName};\n            const result = await checkTestResults(name, testConfig);\n            console.log(`Test result for ${name} - ${testName}: ${result}`);\n            should.equal(result, testConfig.expected_result);\n\n            // Log the test result in a format that matches the report generator's expectations\n            console.log(`Reporter data: ${this.test.cell.columnId},${this.test.cell.rowId},${result}`);\n          }",
              "async": 0,
              "sync": true,
              "_timeout": 150000,
              "_slow": 75,
              "_retries": -1,
              "timedOut": false,
              "_currentRetry": 0,
              "pending": false,
              "file": "/home/runner/work/vc-jose-cose-test-suite/vc-jose-cose-test-suite/tests/test-runner.js",
              "parent": "rnynqEmKJ83qj6WdSiyW0",
              "ctx": null,
              "_testId": "urn:uuid:b9a15acf-8ab5-41e2-96dd-c40781816a0b",
              "_events": {},
              "_eventsCount": 1,
              "timer": {
                "_idleTimeout": -1,
                "_idlePrev": null,
                "_idleNext": null,
                "_idleStart": 122829,
                "_onTimeout": null,
                "_repeat": null,
                "_destroyed": true
              },
              "cell": {
                "columnId": "Tradeverifyd",
                "rowId": "31. COSE Basic Presentation Verification"
              },
              "duration": 1183,
              "state": "passed",
              "speed": "slow"
            },
            {
              "type": "test",
              "title": "32. COSE Credential With an Invalid Signature",
              "body": "async function() {\n            if (!features[requiredFeature]) {\n              console.log(`Skipping test \"${testName}\" for ${name} due to missing feature: ${requiredFeature}`);\n              this.skip();\n              return;\n            }\n\n            console.log(`Running test: ${testName} for implementation: ${name}`);\n            await generateTestResults(name, testConfig);\n            this.test.cell = {columnId: name, rowId: testName};\n            const result = await checkTestResults(name, testConfig);\n            console.log(`Test result for ${name} - ${testName}: ${result}`);\n            should.equal(result, testConfig.expected_result);\n\n            // Log the test result in a format that matches the report generator's expectations\n            console.log(`Reporter data: ${this.test.cell.columnId},${this.test.cell.rowId},${result}`);\n          }",
              "async": 0,
              "sync": true,
              "_timeout": 150000,
              "_slow": 75,
              "_retries": -1,
              "timedOut": false,
              "_currentRetry": 0,
              "pending": false,
              "file": "/home/runner/work/vc-jose-cose-test-suite/vc-jose-cose-test-suite/tests/test-runner.js",
              "parent": "rnynqEmKJ83qj6WdSiyW0",
              "ctx": null,
              "_testId": "urn:uuid:04ee69b9-a4e6-439b-834f-804b8749b27a",
              "_events": {},
              "_eventsCount": 1,
              "timer": {
                "_idleTimeout": -1,
                "_idlePrev": null,
                "_idleNext": null,
                "_idleStart": 124003,
                "_onTimeout": null,
                "_repeat": null,
                "_destroyed": true
              },
              "cell": {
                "columnId": "Tradeverifyd",
                "rowId": "32. COSE Credential With an Invalid Signature"
              },
              "duration": 1174,
              "state": "passed",
              "speed": "slow"
            },
            {
              "type": "test",
              "title": "33. COSE Credential with an Invalid Media Type",
              "body": "async function() {\n            if (!features[requiredFeature]) {\n              console.log(`Skipping test \"${testName}\" for ${name} due to missing feature: ${requiredFeature}`);\n              this.skip();\n              return;\n            }\n\n            console.log(`Running test: ${testName} for implementation: ${name}`);\n            await generateTestResults(name, testConfig);\n            this.test.cell = {columnId: name, rowId: testName};\n            const result = await checkTestResults(name, testConfig);\n            console.log(`Test result for ${name} - ${testName}: ${result}`);\n            should.equal(result, testConfig.expected_result);\n\n            // Log the test result in a format that matches the report generator's expectations\n            console.log(`Reporter data: ${this.test.cell.columnId},${this.test.cell.rowId},${result}`);\n          }",
              "async": 0,
              "sync": true,
              "_timeout": 150000,
              "_slow": 75,
              "_retries": -1,
              "timedOut": false,
              "_currentRetry": 0,
              "pending": false,
              "file": "/home/runner/work/vc-jose-cose-test-suite/vc-jose-cose-test-suite/tests/test-runner.js",
              "parent": "rnynqEmKJ83qj6WdSiyW0",
              "ctx": null,
              "_testId": "urn:uuid:820afe00-53f5-4c46-a6b2-4c64cb37f1e0",
              "_events": {},
              "_eventsCount": 1,
              "timer": {
                "_idleTimeout": -1,
                "_idlePrev": null,
                "_idleNext": null,
                "_idleStart": 125175,
                "_onTimeout": null,
                "_repeat": null,
                "_destroyed": true
              },
              "cell": {
                "columnId": "Tradeverifyd",
                "rowId": "33. COSE Credential with an Invalid Media Type"
              },
              "duration": 1172,
              "state": "passed",
              "speed": "slow"
            },
            {
              "type": "test",
              "title": "34. COSE Presentation with an Invalid Media Type",
              "body": "async function() {\n            if (!features[requiredFeature]) {\n              console.log(`Skipping test \"${testName}\" for ${name} due to missing feature: ${requiredFeature}`);\n              this.skip();\n              return;\n            }\n\n            console.log(`Running test: ${testName} for implementation: ${name}`);\n            await generateTestResults(name, testConfig);\n            this.test.cell = {columnId: name, rowId: testName};\n            const result = await checkTestResults(name, testConfig);\n            console.log(`Test result for ${name} - ${testName}: ${result}`);\n            should.equal(result, testConfig.expected_result);\n\n            // Log the test result in a format that matches the report generator's expectations\n            console.log(`Reporter data: ${this.test.cell.columnId},${this.test.cell.rowId},${result}`);\n          }",
              "async": 0,
              "sync": true,
              "_timeout": 150000,
              "_slow": 75,
              "_retries": -1,
              "timedOut": false,
              "_currentRetry": 0,
              "pending": false,
              "file": "/home/runner/work/vc-jose-cose-test-suite/vc-jose-cose-test-suite/tests/test-runner.js",
              "parent": "rnynqEmKJ83qj6WdSiyW0",
              "ctx": null,
              "_testId": "urn:uuid:0909104d-1223-46ba-b082-f1c12c462d11",
              "_events": {},
              "_eventsCount": 1,
              "timer": {
                "_idleTimeout": -1,
                "_idlePrev": null,
                "_idleNext": null,
                "_idleStart": 126354,
                "_onTimeout": null,
                "_repeat": null,
                "_destroyed": true
              },
              "cell": {
                "columnId": "Tradeverifyd",
                "rowId": "34. COSE Presentation with an Invalid Media Type"
              },
              "duration": 1179,
              "state": "passed",
              "speed": "slow"
            },
            {
              "type": "test",
              "title": "35. COSE Presentation with Invalid Credentials",
              "body": "async function() {\n            if (!features[requiredFeature]) {\n              console.log(`Skipping test \"${testName}\" for ${name} due to missing feature: ${requiredFeature}`);\n              this.skip();\n              return;\n            }\n\n            console.log(`Running test: ${testName} for implementation: ${name}`);\n            await generateTestResults(name, testConfig);\n            this.test.cell = {columnId: name, rowId: testName};\n            const result = await checkTestResults(name, testConfig);\n            console.log(`Test result for ${name} - ${testName}: ${result}`);\n            should.equal(result, testConfig.expected_result);\n\n            // Log the test result in a format that matches the report generator's expectations\n            console.log(`Reporter data: ${this.test.cell.columnId},${this.test.cell.rowId},${result}`);\n          }",
              "async": 0,
              "sync": true,
              "_timeout": 150000,
              "_slow": 75,
              "_retries": -1,
              "timedOut": false,
              "_currentRetry": 0,
              "pending": false,
              "file": "/home/runner/work/vc-jose-cose-test-suite/vc-jose-cose-test-suite/tests/test-runner.js",
              "parent": "rnynqEmKJ83qj6WdSiyW0",
              "ctx": null,
              "_testId": "urn:uuid:98799fce-91d1-43e1-8c9b-401574f55f5f",
              "_events": {},
              "_eventsCount": 1,
              "timer": {
                "_idleTimeout": -1,
                "_idlePrev": null,
                "_idleNext": null,
                "_idleStart": 127537,
                "_onTimeout": null,
                "_repeat": null,
                "_destroyed": true
              },
              "cell": {
                "columnId": "Tradeverifyd",
                "rowId": "35. COSE Presentation with Invalid Credentials"
              },
              "duration": 1183,
              "state": "passed",
              "speed": "slow"
            }
          ],
          "root": false,
          "pending": false,
          "_retries": -1,
          "_beforeEach": [],
          "_beforeAll": [],
          "_afterEach": [],
          "_afterAll": [],
          "_timeout": 150000,
          "_slow": 75,
          "_bail": false,
          "_onlyTests": [],
          "_onlySuites": [],
          "delayed": false,
          "parent": "c7utb2JbeSYlAD2gZ_GNN",
          "file": "/home/runner/work/vc-jose-cose-test-suite/vc-jose-cose-test-suite/tests/test-runner.js",
          "_testId": "urn:uuid:a2728c68-95a5-4e79-aab4-342148ab7815"
        },
        {
          "title": "decentralgabe",
          "ctx": null,
          "suites": [],
          "tests": [
            {
              "type": "test",
              "title": "27. COSE Basic Credential Issuance",
              "body": "async function() {\n            if (!features[requiredFeature]) {\n              console.log(`Skipping test \"${testName}\" for ${name} due to missing feature: ${requiredFeature}`);\n              this.skip();\n              return;\n            }\n\n            console.log(`Running test: ${testName} for implementation: ${name}`);\n            await generateTestResults(name, testConfig);\n            this.test.cell = {columnId: name, rowId: testName};\n            const result = await checkTestResults(name, testConfig);\n            console.log(`Test result for ${name} - ${testName}: ${result}`);\n            should.equal(result, testConfig.expected_result);\n\n            // Log the test result in a format that matches the report generator's expectations\n            console.log(`Reporter data: ${this.test.cell.columnId},${this.test.cell.rowId},${result}`);\n          }",
              "async": 0,
              "sync": true,
              "_timeout": 150000,
              "_slow": 75,
              "_retries": -1,
              "timedOut": false,
              "_currentRetry": 0,
              "pending": false,
              "file": "/home/runner/work/vc-jose-cose-test-suite/vc-jose-cose-test-suite/tests/test-runner.js",
              "parent": "kAuFCxT703XZRoEYmolpE",
              "ctx": null,
              "_testId": "urn:uuid:80c3e6f9-4b90-4847-b2e0-78c9539b6d0e",
              "_events": {},
              "_eventsCount": 1,
              "timer": {
                "_idleTimeout": -1,
                "_idlePrev": null,
                "_idleNext": null,
                "_idleStart": 127989,
                "_onTimeout": null,
                "_repeat": null,
                "_destroyed": true
              },
              "cell": {
                "columnId": "decentralgabe",
                "rowId": "27. COSE Basic Credential Issuance"
              },
              "duration": 452,
              "state": "passed",
              "speed": "slow"
            },
            {
              "type": "test",
              "title": "28. COSE Basic Presentation Issuance",
              "body": "async function() {\n            if (!features[requiredFeature]) {\n              console.log(`Skipping test \"${testName}\" for ${name} due to missing feature: ${requiredFeature}`);\n              this.skip();\n              return;\n            }\n\n            console.log(`Running test: ${testName} for implementation: ${name}`);\n            await generateTestResults(name, testConfig);\n            this.test.cell = {columnId: name, rowId: testName};\n            const result = await checkTestResults(name, testConfig);\n            console.log(`Test result for ${name} - ${testName}: ${result}`);\n            should.equal(result, testConfig.expected_result);\n\n            // Log the test result in a format that matches the report generator's expectations\n            console.log(`Reporter data: ${this.test.cell.columnId},${this.test.cell.rowId},${result}`);\n          }",
              "async": 0,
              "sync": true,
              "_timeout": 150000,
              "_slow": 75,
              "_retries": -1,
              "timedOut": false,
              "_currentRetry": 0,
              "pending": false,
              "file": "/home/runner/work/vc-jose-cose-test-suite/vc-jose-cose-test-suite/tests/test-runner.js",
              "parent": "kAuFCxT703XZRoEYmolpE",
              "ctx": null,
              "_testId": "urn:uuid:a7e1b31a-305b-46e4-bc44-e5a724184004",
              "_events": {},
              "_eventsCount": 1,
              "timer": {
                "_idleTimeout": -1,
                "_idlePrev": null,
                "_idleNext": null,
                "_idleStart": 128435,
                "_onTimeout": null,
                "_repeat": null,
                "_destroyed": true
              },
              "cell": {
                "columnId": "decentralgabe",
                "rowId": "28. COSE Basic Presentation Issuance"
              },
              "duration": 445,
              "state": "passed",
              "speed": "slow"
            },
            {
              "type": "test",
              "title": "29. COSE Basic Credential Verification",
              "body": "async function() {\n            if (!features[requiredFeature]) {\n              console.log(`Skipping test \"${testName}\" for ${name} due to missing feature: ${requiredFeature}`);\n              this.skip();\n              return;\n            }\n\n            console.log(`Running test: ${testName} for implementation: ${name}`);\n            await generateTestResults(name, testConfig);\n            this.test.cell = {columnId: name, rowId: testName};\n            const result = await checkTestResults(name, testConfig);\n            console.log(`Test result for ${name} - ${testName}: ${result}`);\n            should.equal(result, testConfig.expected_result);\n\n            // Log the test result in a format that matches the report generator's expectations\n            console.log(`Reporter data: ${this.test.cell.columnId},${this.test.cell.rowId},${result}`);\n          }",
              "async": 0,
              "sync": true,
              "_timeout": 150000,
              "_slow": 75,
              "_retries": -1,
              "timedOut": false,
              "_currentRetry": 0,
              "pending": false,
              "file": "/home/runner/work/vc-jose-cose-test-suite/vc-jose-cose-test-suite/tests/test-runner.js",
              "parent": "kAuFCxT703XZRoEYmolpE",
              "ctx": null,
              "_testId": "urn:uuid:2aefbfb3-7289-4e5d-a1a8-677a1b3caef2",
              "_events": {},
              "_eventsCount": 1,
              "timer": {
                "_idleTimeout": -1,
                "_idlePrev": null,
                "_idleNext": null,
                "_idleStart": 128867,
                "_onTimeout": null,
                "_repeat": null,
                "_destroyed": true
              },
              "cell": {
                "columnId": "decentralgabe",
                "rowId": "29. COSE Basic Credential Verification"
              },
              "duration": 432,
              "state": "passed",
              "speed": "slow"
            },
            {
              "type": "test",
              "title": "30. COSE Credential Verification Incorrect Encoding",
              "body": "async function() {\n            if (!features[requiredFeature]) {\n              console.log(`Skipping test \"${testName}\" for ${name} due to missing feature: ${requiredFeature}`);\n              this.skip();\n              return;\n            }\n\n            console.log(`Running test: ${testName} for implementation: ${name}`);\n            await generateTestResults(name, testConfig);\n            this.test.cell = {columnId: name, rowId: testName};\n            const result = await checkTestResults(name, testConfig);\n            console.log(`Test result for ${name} - ${testName}: ${result}`);\n            should.equal(result, testConfig.expected_result);\n\n            // Log the test result in a format that matches the report generator's expectations\n            console.log(`Reporter data: ${this.test.cell.columnId},${this.test.cell.rowId},${result}`);\n          }",
              "async": 0,
              "sync": true,
              "_timeout": 150000,
              "_slow": 75,
              "_retries": -1,
              "timedOut": false,
              "_currentRetry": 0,
              "pending": false,
              "file": "/home/runner/work/vc-jose-cose-test-suite/vc-jose-cose-test-suite/tests/test-runner.js",
              "parent": "kAuFCxT703XZRoEYmolpE",
              "ctx": null,
              "_testId": "urn:uuid:56b56c9c-7d73-4eeb-8df4-576edf86ac3d",
              "_events": {},
              "_eventsCount": 1,
              "timer": {
                "_idleTimeout": -1,
                "_idlePrev": null,
                "_idleNext": null,
                "_idleStart": 129306,
                "_onTimeout": null,
                "_repeat": null,
                "_destroyed": true
              },
              "cell": {
                "columnId": "decentralgabe",
                "rowId": "30. COSE Credential Verification Incorrect Encoding"
              },
              "duration": 439,
              "state": "passed",
              "speed": "slow"
            },
            {
              "type": "test",
              "title": "31. COSE Basic Presentation Verification",
              "body": "async function() {\n            if (!features[requiredFeature]) {\n              console.log(`Skipping test \"${testName}\" for ${name} due to missing feature: ${requiredFeature}`);\n              this.skip();\n              return;\n            }\n\n            console.log(`Running test: ${testName} for implementation: ${name}`);\n            await generateTestResults(name, testConfig);\n            this.test.cell = {columnId: name, rowId: testName};\n            const result = await checkTestResults(name, testConfig);\n            console.log(`Test result for ${name} - ${testName}: ${result}`);\n            should.equal(result, testConfig.expected_result);\n\n            // Log the test result in a format that matches the report generator's expectations\n            console.log(`Reporter data: ${this.test.cell.columnId},${this.test.cell.rowId},${result}`);\n          }",
              "async": 0,
              "sync": true,
              "_timeout": 150000,
              "_slow": 75,
              "_retries": -1,
              "timedOut": false,
              "_currentRetry": 0,
              "pending": false,
              "file": "/home/runner/work/vc-jose-cose-test-suite/vc-jose-cose-test-suite/tests/test-runner.js",
              "parent": "kAuFCxT703XZRoEYmolpE",
              "ctx": null,
              "_testId": "urn:uuid:4dc79bb3-99f9-4d0a-b1d7-0df374caaf4e",
              "_events": {},
              "_eventsCount": 1,
              "timer": {
                "_idleTimeout": -1,
                "_idlePrev": null,
                "_idleNext": null,
                "_idleStart": 129741,
                "_onTimeout": null,
                "_repeat": null,
                "_destroyed": true
              },
              "cell": {
                "columnId": "decentralgabe",
                "rowId": "31. COSE Basic Presentation Verification"
              },
              "duration": 435,
              "state": "passed",
              "speed": "slow"
            },
            {
              "type": "test",
              "title": "32. COSE Credential With an Invalid Signature",
              "body": "async function() {\n            if (!features[requiredFeature]) {\n              console.log(`Skipping test \"${testName}\" for ${name} due to missing feature: ${requiredFeature}`);\n              this.skip();\n              return;\n            }\n\n            console.log(`Running test: ${testName} for implementation: ${name}`);\n            await generateTestResults(name, testConfig);\n            this.test.cell = {columnId: name, rowId: testName};\n            const result = await checkTestResults(name, testConfig);\n            console.log(`Test result for ${name} - ${testName}: ${result}`);\n            should.equal(result, testConfig.expected_result);\n\n            // Log the test result in a format that matches the report generator's expectations\n            console.log(`Reporter data: ${this.test.cell.columnId},${this.test.cell.rowId},${result}`);\n          }",
              "async": 0,
              "sync": true,
              "_timeout": 150000,
              "_slow": 75,
              "_retries": -1,
              "timedOut": false,
              "_currentRetry": 0,
              "pending": false,
              "file": "/home/runner/work/vc-jose-cose-test-suite/vc-jose-cose-test-suite/tests/test-runner.js",
              "parent": "kAuFCxT703XZRoEYmolpE",
              "ctx": null,
              "_testId": "urn:uuid:f2cec2c5-407a-4a73-a8fa-3d4f31bd9371",
              "_events": {},
              "_eventsCount": 1,
              "timer": {
                "_idleTimeout": -1,
                "_idlePrev": null,
                "_idleNext": null,
                "_idleStart": 130181,
                "_onTimeout": null,
                "_repeat": null,
                "_destroyed": true
              },
              "cell": {
                "columnId": "decentralgabe",
                "rowId": "32. COSE Credential With an Invalid Signature"
              },
              "duration": 440,
              "state": "passed",
              "speed": "slow"
            },
            {
              "type": "test",
              "title": "33. COSE Credential with an Invalid Media Type",
              "body": "async function() {\n            if (!features[requiredFeature]) {\n              console.log(`Skipping test \"${testName}\" for ${name} due to missing feature: ${requiredFeature}`);\n              this.skip();\n              return;\n            }\n\n            console.log(`Running test: ${testName} for implementation: ${name}`);\n            await generateTestResults(name, testConfig);\n            this.test.cell = {columnId: name, rowId: testName};\n            const result = await checkTestResults(name, testConfig);\n            console.log(`Test result for ${name} - ${testName}: ${result}`);\n            should.equal(result, testConfig.expected_result);\n\n            // Log the test result in a format that matches the report generator's expectations\n            console.log(`Reporter data: ${this.test.cell.columnId},${this.test.cell.rowId},${result}`);\n          }",
              "async": 0,
              "sync": true,
              "_timeout": 150000,
              "_slow": 75,
              "_retries": -1,
              "timedOut": false,
              "_currentRetry": 0,
              "pending": false,
              "file": "/home/runner/work/vc-jose-cose-test-suite/vc-jose-cose-test-suite/tests/test-runner.js",
              "parent": "kAuFCxT703XZRoEYmolpE",
              "ctx": null,
              "_testId": "urn:uuid:a1590797-10fc-4c28-8280-112607c9def1",
              "_events": {},
              "_eventsCount": 1,
              "timer": {
                "_idleTimeout": -1,
                "_idlePrev": null,
                "_idleNext": null,
                "_idleStart": 130626,
                "_onTimeout": null,
                "_repeat": null,
                "_destroyed": true
              },
              "cell": {
                "columnId": "decentralgabe",
                "rowId": "33. COSE Credential with an Invalid Media Type"
              },
              "duration": 445,
              "state": "passed",
              "speed": "slow"
            },
            {
              "type": "test",
              "title": "34. COSE Presentation with an Invalid Media Type",
              "body": "async function() {\n            if (!features[requiredFeature]) {\n              console.log(`Skipping test \"${testName}\" for ${name} due to missing feature: ${requiredFeature}`);\n              this.skip();\n              return;\n            }\n\n            console.log(`Running test: ${testName} for implementation: ${name}`);\n            await generateTestResults(name, testConfig);\n            this.test.cell = {columnId: name, rowId: testName};\n            const result = await checkTestResults(name, testConfig);\n            console.log(`Test result for ${name} - ${testName}: ${result}`);\n            should.equal(result, testConfig.expected_result);\n\n            // Log the test result in a format that matches the report generator's expectations\n            console.log(`Reporter data: ${this.test.cell.columnId},${this.test.cell.rowId},${result}`);\n          }",
              "async": 0,
              "sync": true,
              "_timeout": 150000,
              "_slow": 75,
              "_retries": -1,
              "timedOut": false,
              "_currentRetry": 0,
              "pending": false,
              "file": "/home/runner/work/vc-jose-cose-test-suite/vc-jose-cose-test-suite/tests/test-runner.js",
              "parent": "kAuFCxT703XZRoEYmolpE",
              "ctx": null,
              "_testId": "urn:uuid:29d11adb-a11a-4cfd-8716-7eaae99849f8",
              "_events": {},
              "_eventsCount": 1,
              "timer": {
                "_idleTimeout": -1,
                "_idlePrev": null,
                "_idleNext": null,
                "_idleStart": 131062,
                "_onTimeout": null,
                "_repeat": null,
                "_destroyed": true
              },
              "cell": {
                "columnId": "decentralgabe",
                "rowId": "34. COSE Presentation with an Invalid Media Type"
              },
              "duration": 436,
              "state": "passed",
              "speed": "slow"
            },
            {
              "type": "test",
              "title": "35. COSE Presentation with Invalid Credentials",
              "body": "async function() {\n            if (!features[requiredFeature]) {\n              console.log(`Skipping test \"${testName}\" for ${name} due to missing feature: ${requiredFeature}`);\n              this.skip();\n              return;\n            }\n\n            console.log(`Running test: ${testName} for implementation: ${name}`);\n            await generateTestResults(name, testConfig);\n            this.test.cell = {columnId: name, rowId: testName};\n            const result = await checkTestResults(name, testConfig);\n            console.log(`Test result for ${name} - ${testName}: ${result}`);\n            should.equal(result, testConfig.expected_result);\n\n            // Log the test result in a format that matches the report generator's expectations\n            console.log(`Reporter data: ${this.test.cell.columnId},${this.test.cell.rowId},${result}`);\n          }",
              "async": 0,
              "sync": true,
              "_timeout": 150000,
              "_slow": 75,
              "_retries": -1,
              "timedOut": false,
              "_currentRetry": 0,
              "pending": false,
              "file": "/home/runner/work/vc-jose-cose-test-suite/vc-jose-cose-test-suite/tests/test-runner.js",
              "parent": "kAuFCxT703XZRoEYmolpE",
              "ctx": null,
              "_testId": "urn:uuid:9ee6609a-8d47-4230-aa5d-89175fb7073d",
              "_events": {},
              "_eventsCount": 1,
              "timer": {
                "_idleTimeout": -1,
                "_idlePrev": null,
                "_idleNext": null,
                "_idleStart": 131501,
                "_onTimeout": null,
                "_repeat": null,
                "_destroyed": true
              },
              "cell": {
                "columnId": "decentralgabe",
                "rowId": "35. COSE Presentation with Invalid Credentials"
              },
              "duration": 439,
              "state": "passed",
              "speed": "slow"
            }
          ],
          "root": false,
          "pending": false,
          "_retries": -1,
          "_beforeEach": [],
          "_beforeAll": [],
          "_afterEach": [],
          "_afterAll": [],
          "_timeout": 150000,
          "_slow": 75,
          "_bail": false,
          "_onlyTests": [],
          "_onlySuites": [],
          "delayed": false,
          "parent": "c7utb2JbeSYlAD2gZ_GNN",
          "file": "/home/runner/work/vc-jose-cose-test-suite/vc-jose-cose-test-suite/tests/test-runner.js",
          "_testId": "urn:uuid:29e61d0d-a4a2-4e35-93ed-18a3ff9e31c5"
        }
      ],
      "tests": [
        {
          "type": "test",
          "title": "27. COSE Basic Credential Issuance",
          "body": "async function() {\n            if (!features[requiredFeature]) {\n              console.log(`Skipping test \"${testName}\" for ${name} due to missing feature: ${requiredFeature}`);\n              this.skip();\n              return;\n            }\n\n            console.log(`Running test: ${testName} for implementation: ${name}`);\n            await generateTestResults(name, testConfig);\n            this.test.cell = {columnId: name, rowId: testName};\n            const result = await checkTestResults(name, testConfig);\n            console.log(`Test result for ${name} - ${testName}: ${result}`);\n            should.equal(result, testConfig.expected_result);\n\n            // Log the test result in a format that matches the report generator's expectations\n            console.log(`Reporter data: ${this.test.cell.columnId},${this.test.cell.rowId},${result}`);\n          }",
          "async": 0,
          "sync": true,
          "_timeout": 150000,
          "_slow": 75,
          "_retries": -1,
          "timedOut": false,
          "_currentRetry": 0,
          "pending": false,
          "file": "/home/runner/work/vc-jose-cose-test-suite/vc-jose-cose-test-suite/tests/test-runner.js",
          "parent": "fxjJ_KGKTnXl288-Eumts",
          "ctx": null,
          "_testId": "urn:uuid:f452c139-9597-4c48-aae5-60e3364349e7",
          "_events": {},
          "_eventsCount": 1,
          "timer": {
            "_idleTimeout": -1,
            "_idlePrev": null,
            "_idleNext": null,
            "_idleStart": 109840,
            "_onTimeout": null,
            "_repeat": null,
            "_destroyed": true
          },
          "cell": {
            "columnId": "Mavennet",
            "rowId": "27. COSE Basic Credential Issuance"
          },
          "duration": 878,
          "state": "passed",
          "speed": "slow"
        },
        {
          "type": "test",
          "title": "28. COSE Basic Presentation Issuance",
          "body": "async function() {\n            if (!features[requiredFeature]) {\n              console.log(`Skipping test \"${testName}\" for ${name} due to missing feature: ${requiredFeature}`);\n              this.skip();\n              return;\n            }\n\n            console.log(`Running test: ${testName} for implementation: ${name}`);\n            await generateTestResults(name, testConfig);\n            this.test.cell = {columnId: name, rowId: testName};\n            const result = await checkTestResults(name, testConfig);\n            console.log(`Test result for ${name} - ${testName}: ${result}`);\n            should.equal(result, testConfig.expected_result);\n\n            // Log the test result in a format that matches the report generator's expectations\n            console.log(`Reporter data: ${this.test.cell.columnId},${this.test.cell.rowId},${result}`);\n          }",
          "async": 0,
          "sync": true,
          "_timeout": 150000,
          "_slow": 75,
          "_retries": -1,
          "timedOut": false,
          "_currentRetry": 0,
          "pending": false,
          "file": "/home/runner/work/vc-jose-cose-test-suite/vc-jose-cose-test-suite/tests/test-runner.js",
          "parent": "fxjJ_KGKTnXl288-Eumts",
          "ctx": null,
          "_testId": "urn:uuid:720204d6-2082-4878-b0e0-302f2994ca6b",
          "_events": {},
          "_eventsCount": 1,
          "timer": {
            "_idleTimeout": -1,
            "_idlePrev": null,
            "_idleNext": null,
            "_idleStart": 110724,
            "_onTimeout": null,
            "_repeat": null,
            "_destroyed": true
          },
          "cell": {
            "columnId": "Mavennet",
            "rowId": "28. COSE Basic Presentation Issuance"
          },
          "duration": 884,
          "state": "passed",
          "speed": "slow"
        },
        {
          "type": "test",
          "title": "29. COSE Basic Credential Verification",
          "body": "async function() {\n            if (!features[requiredFeature]) {\n              console.log(`Skipping test \"${testName}\" for ${name} due to missing feature: ${requiredFeature}`);\n              this.skip();\n              return;\n            }\n\n            console.log(`Running test: ${testName} for implementation: ${name}`);\n            await generateTestResults(name, testConfig);\n            this.test.cell = {columnId: name, rowId: testName};\n            const result = await checkTestResults(name, testConfig);\n            console.log(`Test result for ${name} - ${testName}: ${result}`);\n            should.equal(result, testConfig.expected_result);\n\n            // Log the test result in a format that matches the report generator's expectations\n            console.log(`Reporter data: ${this.test.cell.columnId},${this.test.cell.rowId},${result}`);\n          }",
          "async": 0,
          "sync": true,
          "_timeout": 150000,
          "_slow": 75,
          "_retries": -1,
          "timedOut": false,
          "_currentRetry": 0,
          "pending": false,
          "file": "/home/runner/work/vc-jose-cose-test-suite/vc-jose-cose-test-suite/tests/test-runner.js",
          "parent": "fxjJ_KGKTnXl288-Eumts",
          "ctx": null,
          "_testId": "urn:uuid:e5545ebe-37a0-4088-9a35-d8bc9ca063e7",
          "_events": {},
          "_eventsCount": 1,
          "timer": {
            "_idleTimeout": -1,
            "_idlePrev": null,
            "_idleNext": null,
            "_idleStart": 111603,
            "_onTimeout": null,
            "_repeat": null,
            "_destroyed": true
          },
          "cell": {
            "columnId": "Mavennet",
            "rowId": "29. COSE Basic Credential Verification"
          },
          "duration": 878,
          "state": "passed",
          "speed": "slow"
        },
        {
          "type": "test",
          "title": "30. COSE Credential Verification Incorrect Encoding",
          "body": "async function() {\n            if (!features[requiredFeature]) {\n              console.log(`Skipping test \"${testName}\" for ${name} due to missing feature: ${requiredFeature}`);\n              this.skip();\n              return;\n            }\n\n            console.log(`Running test: ${testName} for implementation: ${name}`);\n            await generateTestResults(name, testConfig);\n            this.test.cell = {columnId: name, rowId: testName};\n            const result = await checkTestResults(name, testConfig);\n            console.log(`Test result for ${name} - ${testName}: ${result}`);\n            should.equal(result, testConfig.expected_result);\n\n            // Log the test result in a format that matches the report generator's expectations\n            console.log(`Reporter data: ${this.test.cell.columnId},${this.test.cell.rowId},${result}`);\n          }",
          "async": 0,
          "sync": true,
          "_timeout": 150000,
          "_slow": 75,
          "_retries": -1,
          "timedOut": false,
          "_currentRetry": 0,
          "pending": false,
          "file": "/home/runner/work/vc-jose-cose-test-suite/vc-jose-cose-test-suite/tests/test-runner.js",
          "parent": "fxjJ_KGKTnXl288-Eumts",
          "ctx": null,
          "_testId": "urn:uuid:5fa8b410-00bf-412a-a861-3a9804275485",
          "_events": {},
          "_eventsCount": 1,
          "timer": {
            "_idleTimeout": -1,
            "_idlePrev": null,
            "_idleNext": null,
            "_idleStart": 112485,
            "_onTimeout": null,
            "_repeat": null,
            "_destroyed": true
          },
          "cell": {
            "columnId": "Mavennet",
            "rowId": "30. COSE Credential Verification Incorrect Encoding"
          },
          "duration": 881,
          "state": "passed",
          "speed": "slow"
        },
        {
          "type": "test",
          "title": "31. COSE Basic Presentation Verification",
          "body": "async function() {\n            if (!features[requiredFeature]) {\n              console.log(`Skipping test \"${testName}\" for ${name} due to missing feature: ${requiredFeature}`);\n              this.skip();\n              return;\n            }\n\n            console.log(`Running test: ${testName} for implementation: ${name}`);\n            await generateTestResults(name, testConfig);\n            this.test.cell = {columnId: name, rowId: testName};\n            const result = await checkTestResults(name, testConfig);\n            console.log(`Test result for ${name} - ${testName}: ${result}`);\n            should.equal(result, testConfig.expected_result);\n\n            // Log the test result in a format that matches the report generator's expectations\n            console.log(`Reporter data: ${this.test.cell.columnId},${this.test.cell.rowId},${result}`);\n          }",
          "async": 0,
          "sync": true,
          "_timeout": 150000,
          "_slow": 75,
          "_retries": -1,
          "timedOut": false,
          "_currentRetry": 0,
          "pending": false,
          "file": "/home/runner/work/vc-jose-cose-test-suite/vc-jose-cose-test-suite/tests/test-runner.js",
          "parent": "fxjJ_KGKTnXl288-Eumts",
          "ctx": null,
          "_testId": "urn:uuid:baee31ad-0a6a-40d5-b434-29d6e934bc57",
          "_events": {},
          "_eventsCount": 1,
          "timer": {
            "_idleTimeout": -1,
            "_idlePrev": null,
            "_idleNext": null,
            "_idleStart": 113368,
            "_onTimeout": null,
            "_repeat": null,
            "_destroyed": true
          },
          "cell": {
            "columnId": "Mavennet",
            "rowId": "31. COSE Basic Presentation Verification"
          },
          "duration": 883,
          "state": "passed",
          "speed": "slow"
        },
        {
          "type": "test",
          "title": "32. COSE Credential With an Invalid Signature",
          "body": "async function() {\n            if (!features[requiredFeature]) {\n              console.log(`Skipping test \"${testName}\" for ${name} due to missing feature: ${requiredFeature}`);\n              this.skip();\n              return;\n            }\n\n            console.log(`Running test: ${testName} for implementation: ${name}`);\n            await generateTestResults(name, testConfig);\n            this.test.cell = {columnId: name, rowId: testName};\n            const result = await checkTestResults(name, testConfig);\n            console.log(`Test result for ${name} - ${testName}: ${result}`);\n            should.equal(result, testConfig.expected_result);\n\n            // Log the test result in a format that matches the report generator's expectations\n            console.log(`Reporter data: ${this.test.cell.columnId},${this.test.cell.rowId},${result}`);\n          }",
          "async": 0,
          "sync": true,
          "_timeout": 150000,
          "_slow": 75,
          "_retries": -1,
          "timedOut": false,
          "_currentRetry": 0,
          "pending": false,
          "file": "/home/runner/work/vc-jose-cose-test-suite/vc-jose-cose-test-suite/tests/test-runner.js",
          "parent": "fxjJ_KGKTnXl288-Eumts",
          "ctx": null,
          "_testId": "urn:uuid:4779d220-5df3-47bc-9e7d-ca0d8f14af04",
          "_events": {},
          "_eventsCount": 1,
          "timer": {
            "_idleTimeout": -1,
            "_idlePrev": null,
            "_idleNext": null,
            "_idleStart": 114247,
            "_onTimeout": null,
            "_repeat": null,
            "_destroyed": true
          },
          "cell": {
            "columnId": "Mavennet",
            "rowId": "32. COSE Credential With an Invalid Signature"
          },
          "duration": 879,
          "state": "passed",
          "speed": "slow"
        },
        {
          "type": "test",
          "title": "33. COSE Credential with an Invalid Media Type",
          "body": "async function() {\n            if (!features[requiredFeature]) {\n              console.log(`Skipping test \"${testName}\" for ${name} due to missing feature: ${requiredFeature}`);\n              this.skip();\n              return;\n            }\n\n            console.log(`Running test: ${testName} for implementation: ${name}`);\n            await generateTestResults(name, testConfig);\n            this.test.cell = {columnId: name, rowId: testName};\n            const result = await checkTestResults(name, testConfig);\n            console.log(`Test result for ${name} - ${testName}: ${result}`);\n            should.equal(result, testConfig.expected_result);\n\n            // Log the test result in a format that matches the report generator's expectations\n            console.log(`Reporter data: ${this.test.cell.columnId},${this.test.cell.rowId},${result}`);\n          }",
          "async": 0,
          "sync": true,
          "_timeout": 150000,
          "_slow": 75,
          "_retries": -1,
          "timedOut": false,
          "_currentRetry": 0,
          "pending": false,
          "file": "/home/runner/work/vc-jose-cose-test-suite/vc-jose-cose-test-suite/tests/test-runner.js",
          "parent": "fxjJ_KGKTnXl288-Eumts",
          "ctx": null,
          "_testId": "urn:uuid:4aaea17c-24b0-47df-a966-bdebbd2bf496",
          "_events": {},
          "_eventsCount": 1,
          "timer": {
            "_idleTimeout": -1,
            "_idlePrev": null,
            "_idleNext": null,
            "_idleStart": 115150,
            "_onTimeout": null,
            "_repeat": null,
            "_destroyed": true
          },
          "cell": {
            "columnId": "Mavennet",
            "rowId": "33. COSE Credential with an Invalid Media Type"
          },
          "duration": 903,
          "state": "passed",
          "speed": "slow"
        },
        {
          "type": "test",
          "title": "34. COSE Presentation with an Invalid Media Type",
          "body": "async function() {\n            if (!features[requiredFeature]) {\n              console.log(`Skipping test \"${testName}\" for ${name} due to missing feature: ${requiredFeature}`);\n              this.skip();\n              return;\n            }\n\n            console.log(`Running test: ${testName} for implementation: ${name}`);\n            await generateTestResults(name, testConfig);\n            this.test.cell = {columnId: name, rowId: testName};\n            const result = await checkTestResults(name, testConfig);\n            console.log(`Test result for ${name} - ${testName}: ${result}`);\n            should.equal(result, testConfig.expected_result);\n\n            // Log the test result in a format that matches the report generator's expectations\n            console.log(`Reporter data: ${this.test.cell.columnId},${this.test.cell.rowId},${result}`);\n          }",
          "async": 0,
          "sync": true,
          "_timeout": 150000,
          "_slow": 75,
          "_retries": -1,
          "timedOut": false,
          "_currentRetry": 0,
          "pending": false,
          "file": "/home/runner/work/vc-jose-cose-test-suite/vc-jose-cose-test-suite/tests/test-runner.js",
          "parent": "fxjJ_KGKTnXl288-Eumts",
          "ctx": null,
          "_testId": "urn:uuid:b7371d07-67fc-4308-bff7-cb25ee37ab54",
          "_events": {},
          "_eventsCount": 1,
          "timer": {
            "_idleTimeout": -1,
            "_idlePrev": null,
            "_idleNext": null,
            "_idleStart": 116054,
            "_onTimeout": null,
            "_repeat": null,
            "_destroyed": true
          },
          "cell": {
            "columnId": "Mavennet",
            "rowId": "34. COSE Presentation with an Invalid Media Type"
          },
          "duration": 904,
          "state": "passed",
          "speed": "slow"
        },
        {
          "type": "test",
          "title": "35. COSE Presentation with Invalid Credentials",
          "body": "async function() {\n            if (!features[requiredFeature]) {\n              console.log(`Skipping test \"${testName}\" for ${name} due to missing feature: ${requiredFeature}`);\n              this.skip();\n              return;\n            }\n\n            console.log(`Running test: ${testName} for implementation: ${name}`);\n            await generateTestResults(name, testConfig);\n            this.test.cell = {columnId: name, rowId: testName};\n            const result = await checkTestResults(name, testConfig);\n            console.log(`Test result for ${name} - ${testName}: ${result}`);\n            should.equal(result, testConfig.expected_result);\n\n            // Log the test result in a format that matches the report generator's expectations\n            console.log(`Reporter data: ${this.test.cell.columnId},${this.test.cell.rowId},${result}`);\n          }",
          "async": 0,
          "sync": true,
          "_timeout": 150000,
          "_slow": 75,
          "_retries": -1,
          "timedOut": false,
          "_currentRetry": 0,
          "pending": false,
          "file": "/home/runner/work/vc-jose-cose-test-suite/vc-jose-cose-test-suite/tests/test-runner.js",
          "parent": "fxjJ_KGKTnXl288-Eumts",
          "ctx": null,
          "_testId": "urn:uuid:80910199-e6c2-4bd6-9a3c-9f166de7e7da",
          "_events": {},
          "_eventsCount": 1,
          "timer": {
            "_idleTimeout": -1,
            "_idlePrev": null,
            "_idleNext": null,
            "_idleStart": 116931,
            "_onTimeout": null,
            "_repeat": null,
            "_destroyed": true
          },
          "cell": {
            "columnId": "Mavennet",
            "rowId": "35. COSE Presentation with Invalid Credentials"
          },
          "duration": 878,
          "state": "failed",
          "err": {
            "name": "AssertionError",
            "message": "expected 'success' to equal 'failure'",
            "showDiff": true,
            "actual": "success",
            "expected": "failure",
            "operator": "strictEqual",
            "stack": "AssertionError: expected 'success' to equal 'failure'\n    at should.equal (node_modules/chai/lib/chai/interface/should.js:98:35)\n    at Context.<anonymous> (file:///home/runner/work/vc-jose-cose-test-suite/vc-jose-cose-test-suite/tests/test-runner.js:46:20)"
          }
        },
        {
          "type": "test",
          "title": "27. COSE Basic Credential Issuance",
          "body": "async function() {\n            if (!features[requiredFeature]) {\n              console.log(`Skipping test \"${testName}\" for ${name} due to missing feature: ${requiredFeature}`);\n              this.skip();\n              return;\n            }\n\n            console.log(`Running test: ${testName} for implementation: ${name}`);\n            await generateTestResults(name, testConfig);\n            this.test.cell = {columnId: name, rowId: testName};\n            const result = await checkTestResults(name, testConfig);\n            console.log(`Test result for ${name} - ${testName}: ${result}`);\n            should.equal(result, testConfig.expected_result);\n\n            // Log the test result in a format that matches the report generator's expectations\n            console.log(`Reporter data: ${this.test.cell.columnId},${this.test.cell.rowId},${result}`);\n          }",
          "async": 0,
          "sync": true,
          "_timeout": 150000,
          "_slow": 75,
          "_retries": -1,
          "timedOut": false,
          "_currentRetry": 0,
          "pending": false,
          "file": "/home/runner/work/vc-jose-cose-test-suite/vc-jose-cose-test-suite/tests/test-runner.js",
          "parent": "rnynqEmKJ83qj6WdSiyW0",
          "ctx": null,
          "_testId": "urn:uuid:b69cfdaa-18fb-4f92-a802-97e1fa464e5b",
          "_events": {},
          "_eventsCount": 1,
          "timer": {
            "_idleTimeout": -1,
            "_idlePrev": null,
            "_idleNext": null,
            "_idleStart": 118105,
            "_onTimeout": null,
            "_repeat": null,
            "_destroyed": true
          },
          "cell": {
            "columnId": "Tradeverifyd",
            "rowId": "27. COSE Basic Credential Issuance"
          },
          "duration": 1172,
          "state": "passed",
          "speed": "slow"
        },
        {
          "type": "test",
          "title": "28. COSE Basic Presentation Issuance",
          "body": "async function() {\n            if (!features[requiredFeature]) {\n              console.log(`Skipping test \"${testName}\" for ${name} due to missing feature: ${requiredFeature}`);\n              this.skip();\n              return;\n            }\n\n            console.log(`Running test: ${testName} for implementation: ${name}`);\n            await generateTestResults(name, testConfig);\n            this.test.cell = {columnId: name, rowId: testName};\n            const result = await checkTestResults(name, testConfig);\n            console.log(`Test result for ${name} - ${testName}: ${result}`);\n            should.equal(result, testConfig.expected_result);\n\n            // Log the test result in a format that matches the report generator's expectations\n            console.log(`Reporter data: ${this.test.cell.columnId},${this.test.cell.rowId},${result}`);\n          }",
          "async": 0,
          "sync": true,
          "_timeout": 150000,
          "_slow": 75,
          "_retries": -1,
          "timedOut": false,
          "_currentRetry": 0,
          "pending": false,
          "file": "/home/runner/work/vc-jose-cose-test-suite/vc-jose-cose-test-suite/tests/test-runner.js",
          "parent": "rnynqEmKJ83qj6WdSiyW0",
          "ctx": null,
          "_testId": "urn:uuid:0d81237c-301c-40e6-ac8e-15da6a75d7f8",
          "_events": {},
          "_eventsCount": 1,
          "timer": {
            "_idleTimeout": -1,
            "_idlePrev": null,
            "_idleNext": null,
            "_idleStart": 119297,
            "_onTimeout": null,
            "_repeat": null,
            "_destroyed": true
          },
          "cell": {
            "columnId": "Tradeverifyd",
            "rowId": "28. COSE Basic Presentation Issuance"
          },
          "duration": 1192,
          "state": "passed",
          "speed": "slow"
        },
        {
          "type": "test",
          "title": "29. COSE Basic Credential Verification",
          "body": "async function() {\n            if (!features[requiredFeature]) {\n              console.log(`Skipping test \"${testName}\" for ${name} due to missing feature: ${requiredFeature}`);\n              this.skip();\n              return;\n            }\n\n            console.log(`Running test: ${testName} for implementation: ${name}`);\n            await generateTestResults(name, testConfig);\n            this.test.cell = {columnId: name, rowId: testName};\n            const result = await checkTestResults(name, testConfig);\n            console.log(`Test result for ${name} - ${testName}: ${result}`);\n            should.equal(result, testConfig.expected_result);\n\n            // Log the test result in a format that matches the report generator's expectations\n            console.log(`Reporter data: ${this.test.cell.columnId},${this.test.cell.rowId},${result}`);\n          }",
          "async": 0,
          "sync": true,
          "_timeout": 150000,
          "_slow": 75,
          "_retries": -1,
          "timedOut": false,
          "_currentRetry": 0,
          "pending": false,
          "file": "/home/runner/work/vc-jose-cose-test-suite/vc-jose-cose-test-suite/tests/test-runner.js",
          "parent": "rnynqEmKJ83qj6WdSiyW0",
          "ctx": null,
          "_testId": "urn:uuid:a0094bfa-d560-4bde-ac9a-23bdbe42cdc6",
          "_events": {},
          "_eventsCount": 1,
          "timer": {
            "_idleTimeout": -1,
            "_idlePrev": null,
            "_idleNext": null,
            "_idleStart": 120474,
            "_onTimeout": null,
            "_repeat": null,
            "_destroyed": true
          },
          "cell": {
            "columnId": "Tradeverifyd",
            "rowId": "29. COSE Basic Credential Verification"
          },
          "duration": 1177,
          "state": "passed",
          "speed": "slow"
        },
        {
          "type": "test",
          "title": "30. COSE Credential Verification Incorrect Encoding",
          "body": "async function() {\n            if (!features[requiredFeature]) {\n              console.log(`Skipping test \"${testName}\" for ${name} due to missing feature: ${requiredFeature}`);\n              this.skip();\n              return;\n            }\n\n            console.log(`Running test: ${testName} for implementation: ${name}`);\n            await generateTestResults(name, testConfig);\n            this.test.cell = {columnId: name, rowId: testName};\n            const result = await checkTestResults(name, testConfig);\n            console.log(`Test result for ${name} - ${testName}: ${result}`);\n            should.equal(result, testConfig.expected_result);\n\n            // Log the test result in a format that matches the report generator's expectations\n            console.log(`Reporter data: ${this.test.cell.columnId},${this.test.cell.rowId},${result}`);\n          }",
          "async": 0,
          "sync": true,
          "_timeout": 150000,
          "_slow": 75,
          "_retries": -1,
          "timedOut": false,
          "_currentRetry": 0,
          "pending": false,
          "file": "/home/runner/work/vc-jose-cose-test-suite/vc-jose-cose-test-suite/tests/test-runner.js",
          "parent": "rnynqEmKJ83qj6WdSiyW0",
          "ctx": null,
          "_testId": "urn:uuid:094a8ea2-14d9-42b2-bc07-bf3ce11fffe8",
          "_events": {},
          "_eventsCount": 1,
          "timer": {
            "_idleTimeout": -1,
            "_idlePrev": null,
            "_idleNext": null,
            "_idleStart": 121646,
            "_onTimeout": null,
            "_repeat": null,
            "_destroyed": true
          },
          "cell": {
            "columnId": "Tradeverifyd",
            "rowId": "30. COSE Credential Verification Incorrect Encoding"
          },
          "duration": 1172,
          "state": "passed",
          "speed": "slow"
        },
        {
          "type": "test",
          "title": "31. COSE Basic Presentation Verification",
          "body": "async function() {\n            if (!features[requiredFeature]) {\n              console.log(`Skipping test \"${testName}\" for ${name} due to missing feature: ${requiredFeature}`);\n              this.skip();\n              return;\n            }\n\n            console.log(`Running test: ${testName} for implementation: ${name}`);\n            await generateTestResults(name, testConfig);\n            this.test.cell = {columnId: name, rowId: testName};\n            const result = await checkTestResults(name, testConfig);\n            console.log(`Test result for ${name} - ${testName}: ${result}`);\n            should.equal(result, testConfig.expected_result);\n\n            // Log the test result in a format that matches the report generator's expectations\n            console.log(`Reporter data: ${this.test.cell.columnId},${this.test.cell.rowId},${result}`);\n          }",
          "async": 0,
          "sync": true,
          "_timeout": 150000,
          "_slow": 75,
          "_retries": -1,
          "timedOut": false,
          "_currentRetry": 0,
          "pending": false,
          "file": "/home/runner/work/vc-jose-cose-test-suite/vc-jose-cose-test-suite/tests/test-runner.js",
          "parent": "rnynqEmKJ83qj6WdSiyW0",
          "ctx": null,
          "_testId": "urn:uuid:b9a15acf-8ab5-41e2-96dd-c40781816a0b",
          "_events": {},
          "_eventsCount": 1,
          "timer": {
            "_idleTimeout": -1,
            "_idlePrev": null,
            "_idleNext": null,
            "_idleStart": 122829,
            "_onTimeout": null,
            "_repeat": null,
            "_destroyed": true
          },
          "cell": {
            "columnId": "Tradeverifyd",
            "rowId": "31. COSE Basic Presentation Verification"
          },
          "duration": 1183,
          "state": "passed",
          "speed": "slow"
        },
        {
          "type": "test",
          "title": "32. COSE Credential With an Invalid Signature",
          "body": "async function() {\n            if (!features[requiredFeature]) {\n              console.log(`Skipping test \"${testName}\" for ${name} due to missing feature: ${requiredFeature}`);\n              this.skip();\n              return;\n            }\n\n            console.log(`Running test: ${testName} for implementation: ${name}`);\n            await generateTestResults(name, testConfig);\n            this.test.cell = {columnId: name, rowId: testName};\n            const result = await checkTestResults(name, testConfig);\n            console.log(`Test result for ${name} - ${testName}: ${result}`);\n            should.equal(result, testConfig.expected_result);\n\n            // Log the test result in a format that matches the report generator's expectations\n            console.log(`Reporter data: ${this.test.cell.columnId},${this.test.cell.rowId},${result}`);\n          }",
          "async": 0,
          "sync": true,
          "_timeout": 150000,
          "_slow": 75,
          "_retries": -1,
          "timedOut": false,
          "_currentRetry": 0,
          "pending": false,
          "file": "/home/runner/work/vc-jose-cose-test-suite/vc-jose-cose-test-suite/tests/test-runner.js",
          "parent": "rnynqEmKJ83qj6WdSiyW0",
          "ctx": null,
          "_testId": "urn:uuid:04ee69b9-a4e6-439b-834f-804b8749b27a",
          "_events": {},
          "_eventsCount": 1,
          "timer": {
            "_idleTimeout": -1,
            "_idlePrev": null,
            "_idleNext": null,
            "_idleStart": 124003,
            "_onTimeout": null,
            "_repeat": null,
            "_destroyed": true
          },
          "cell": {
            "columnId": "Tradeverifyd",
            "rowId": "32. COSE Credential With an Invalid Signature"
          },
          "duration": 1174,
          "state": "passed",
          "speed": "slow"
        },
        {
          "type": "test",
          "title": "33. COSE Credential with an Invalid Media Type",
          "body": "async function() {\n            if (!features[requiredFeature]) {\n              console.log(`Skipping test \"${testName}\" for ${name} due to missing feature: ${requiredFeature}`);\n              this.skip();\n              return;\n            }\n\n            console.log(`Running test: ${testName} for implementation: ${name}`);\n            await generateTestResults(name, testConfig);\n            this.test.cell = {columnId: name, rowId: testName};\n            const result = await checkTestResults(name, testConfig);\n            console.log(`Test result for ${name} - ${testName}: ${result}`);\n            should.equal(result, testConfig.expected_result);\n\n            // Log the test result in a format that matches the report generator's expectations\n            console.log(`Reporter data: ${this.test.cell.columnId},${this.test.cell.rowId},${result}`);\n          }",
          "async": 0,
          "sync": true,
          "_timeout": 150000,
          "_slow": 75,
          "_retries": -1,
          "timedOut": false,
          "_currentRetry": 0,
          "pending": false,
          "file": "/home/runner/work/vc-jose-cose-test-suite/vc-jose-cose-test-suite/tests/test-runner.js",
          "parent": "rnynqEmKJ83qj6WdSiyW0",
          "ctx": null,
          "_testId": "urn:uuid:820afe00-53f5-4c46-a6b2-4c64cb37f1e0",
          "_events": {},
          "_eventsCount": 1,
          "timer": {
            "_idleTimeout": -1,
            "_idlePrev": null,
            "_idleNext": null,
            "_idleStart": 125175,
            "_onTimeout": null,
            "_repeat": null,
            "_destroyed": true
          },
          "cell": {
            "columnId": "Tradeverifyd",
            "rowId": "33. COSE Credential with an Invalid Media Type"
          },
          "duration": 1172,
          "state": "passed",
          "speed": "slow"
        },
        {
          "type": "test",
          "title": "34. COSE Presentation with an Invalid Media Type",
          "body": "async function() {\n            if (!features[requiredFeature]) {\n              console.log(`Skipping test \"${testName}\" for ${name} due to missing feature: ${requiredFeature}`);\n              this.skip();\n              return;\n            }\n\n            console.log(`Running test: ${testName} for implementation: ${name}`);\n            await generateTestResults(name, testConfig);\n            this.test.cell = {columnId: name, rowId: testName};\n            const result = await checkTestResults(name, testConfig);\n            console.log(`Test result for ${name} - ${testName}: ${result}`);\n            should.equal(result, testConfig.expected_result);\n\n            // Log the test result in a format that matches the report generator's expectations\n            console.log(`Reporter data: ${this.test.cell.columnId},${this.test.cell.rowId},${result}`);\n          }",
          "async": 0,
          "sync": true,
          "_timeout": 150000,
          "_slow": 75,
          "_retries": -1,
          "timedOut": false,
          "_currentRetry": 0,
          "pending": false,
          "file": "/home/runner/work/vc-jose-cose-test-suite/vc-jose-cose-test-suite/tests/test-runner.js",
          "parent": "rnynqEmKJ83qj6WdSiyW0",
          "ctx": null,
          "_testId": "urn:uuid:0909104d-1223-46ba-b082-f1c12c462d11",
          "_events": {},
          "_eventsCount": 1,
          "timer": {
            "_idleTimeout": -1,
            "_idlePrev": null,
            "_idleNext": null,
            "_idleStart": 126354,
            "_onTimeout": null,
            "_repeat": null,
            "_destroyed": true
          },
          "cell": {
            "columnId": "Tradeverifyd",
            "rowId": "34. COSE Presentation with an Invalid Media Type"
          },
          "duration": 1179,
          "state": "passed",
          "speed": "slow"
        },
        {
          "type": "test",
          "title": "35. COSE Presentation with Invalid Credentials",
          "body": "async function() {\n            if (!features[requiredFeature]) {\n              console.log(`Skipping test \"${testName}\" for ${name} due to missing feature: ${requiredFeature}`);\n              this.skip();\n              return;\n            }\n\n            console.log(`Running test: ${testName} for implementation: ${name}`);\n            await generateTestResults(name, testConfig);\n            this.test.cell = {columnId: name, rowId: testName};\n            const result = await checkTestResults(name, testConfig);\n            console.log(`Test result for ${name} - ${testName}: ${result}`);\n            should.equal(result, testConfig.expected_result);\n\n            // Log the test result in a format that matches the report generator's expectations\n            console.log(`Reporter data: ${this.test.cell.columnId},${this.test.cell.rowId},${result}`);\n          }",
          "async": 0,
          "sync": true,
          "_timeout": 150000,
          "_slow": 75,
          "_retries": -1,
          "timedOut": false,
          "_currentRetry": 0,
          "pending": false,
          "file": "/home/runner/work/vc-jose-cose-test-suite/vc-jose-cose-test-suite/tests/test-runner.js",
          "parent": "rnynqEmKJ83qj6WdSiyW0",
          "ctx": null,
          "_testId": "urn:uuid:98799fce-91d1-43e1-8c9b-401574f55f5f",
          "_events": {},
          "_eventsCount": 1,
          "timer": {
            "_idleTimeout": -1,
            "_idlePrev": null,
            "_idleNext": null,
            "_idleStart": 127537,
            "_onTimeout": null,
            "_repeat": null,
            "_destroyed": true
          },
          "cell": {
            "columnId": "Tradeverifyd",
            "rowId": "35. COSE Presentation with Invalid Credentials"
          },
          "duration": 1183,
          "state": "passed",
          "speed": "slow"
        },
        {
          "type": "test",
          "title": "27. COSE Basic Credential Issuance",
          "body": "async function() {\n            if (!features[requiredFeature]) {\n              console.log(`Skipping test \"${testName}\" for ${name} due to missing feature: ${requiredFeature}`);\n              this.skip();\n              return;\n            }\n\n            console.log(`Running test: ${testName} for implementation: ${name}`);\n            await generateTestResults(name, testConfig);\n            this.test.cell = {columnId: name, rowId: testName};\n            const result = await checkTestResults(name, testConfig);\n            console.log(`Test result for ${name} - ${testName}: ${result}`);\n            should.equal(result, testConfig.expected_result);\n\n            // Log the test result in a format that matches the report generator's expectations\n            console.log(`Reporter data: ${this.test.cell.columnId},${this.test.cell.rowId},${result}`);\n          }",
          "async": 0,
          "sync": true,
          "_timeout": 150000,
          "_slow": 75,
          "_retries": -1,
          "timedOut": false,
          "_currentRetry": 0,
          "pending": false,
          "file": "/home/runner/work/vc-jose-cose-test-suite/vc-jose-cose-test-suite/tests/test-runner.js",
          "parent": "kAuFCxT703XZRoEYmolpE",
          "ctx": null,
          "_testId": "urn:uuid:80c3e6f9-4b90-4847-b2e0-78c9539b6d0e",
          "_events": {},
          "_eventsCount": 1,
          "timer": {
            "_idleTimeout": -1,
            "_idlePrev": null,
            "_idleNext": null,
            "_idleStart": 127989,
            "_onTimeout": null,
            "_repeat": null,
            "_destroyed": true
          },
          "cell": {
            "columnId": "decentralgabe",
            "rowId": "27. COSE Basic Credential Issuance"
          },
          "duration": 452,
          "state": "passed",
          "speed": "slow"
        },
        {
          "type": "test",
          "title": "28. COSE Basic Presentation Issuance",
          "body": "async function() {\n            if (!features[requiredFeature]) {\n              console.log(`Skipping test \"${testName}\" for ${name} due to missing feature: ${requiredFeature}`);\n              this.skip();\n              return;\n            }\n\n            console.log(`Running test: ${testName} for implementation: ${name}`);\n            await generateTestResults(name, testConfig);\n            this.test.cell = {columnId: name, rowId: testName};\n            const result = await checkTestResults(name, testConfig);\n            console.log(`Test result for ${name} - ${testName}: ${result}`);\n            should.equal(result, testConfig.expected_result);\n\n            // Log the test result in a format that matches the report generator's expectations\n            console.log(`Reporter data: ${this.test.cell.columnId},${this.test.cell.rowId},${result}`);\n          }",
          "async": 0,
          "sync": true,
          "_timeout": 150000,
          "_slow": 75,
          "_retries": -1,
          "timedOut": false,
          "_currentRetry": 0,
          "pending": false,
          "file": "/home/runner/work/vc-jose-cose-test-suite/vc-jose-cose-test-suite/tests/test-runner.js",
          "parent": "kAuFCxT703XZRoEYmolpE",
          "ctx": null,
          "_testId": "urn:uuid:a7e1b31a-305b-46e4-bc44-e5a724184004",
          "_events": {},
          "_eventsCount": 1,
          "timer": {
            "_idleTimeout": -1,
            "_idlePrev": null,
            "_idleNext": null,
            "_idleStart": 128435,
            "_onTimeout": null,
            "_repeat": null,
            "_destroyed": true
          },
          "cell": {
            "columnId": "decentralgabe",
            "rowId": "28. COSE Basic Presentation Issuance"
          },
          "duration": 445,
          "state": "passed",
          "speed": "slow"
        },
        {
          "type": "test",
          "title": "29. COSE Basic Credential Verification",
          "body": "async function() {\n            if (!features[requiredFeature]) {\n              console.log(`Skipping test \"${testName}\" for ${name} due to missing feature: ${requiredFeature}`);\n              this.skip();\n              return;\n            }\n\n            console.log(`Running test: ${testName} for implementation: ${name}`);\n            await generateTestResults(name, testConfig);\n            this.test.cell = {columnId: name, rowId: testName};\n            const result = await checkTestResults(name, testConfig);\n            console.log(`Test result for ${name} - ${testName}: ${result}`);\n            should.equal(result, testConfig.expected_result);\n\n            // Log the test result in a format that matches the report generator's expectations\n            console.log(`Reporter data: ${this.test.cell.columnId},${this.test.cell.rowId},${result}`);\n          }",
          "async": 0,
          "sync": true,
          "_timeout": 150000,
          "_slow": 75,
          "_retries": -1,
          "timedOut": false,
          "_currentRetry": 0,
          "pending": false,
          "file": "/home/runner/work/vc-jose-cose-test-suite/vc-jose-cose-test-suite/tests/test-runner.js",
          "parent": "kAuFCxT703XZRoEYmolpE",
          "ctx": null,
          "_testId": "urn:uuid:2aefbfb3-7289-4e5d-a1a8-677a1b3caef2",
          "_events": {},
          "_eventsCount": 1,
          "timer": {
            "_idleTimeout": -1,
            "_idlePrev": null,
            "_idleNext": null,
            "_idleStart": 128867,
            "_onTimeout": null,
            "_repeat": null,
            "_destroyed": true
          },
          "cell": {
            "columnId": "decentralgabe",
            "rowId": "29. COSE Basic Credential Verification"
          },
          "duration": 432,
          "state": "passed",
          "speed": "slow"
        },
        {
          "type": "test",
          "title": "30. COSE Credential Verification Incorrect Encoding",
          "body": "async function() {\n            if (!features[requiredFeature]) {\n              console.log(`Skipping test \"${testName}\" for ${name} due to missing feature: ${requiredFeature}`);\n              this.skip();\n              return;\n            }\n\n            console.log(`Running test: ${testName} for implementation: ${name}`);\n            await generateTestResults(name, testConfig);\n            this.test.cell = {columnId: name, rowId: testName};\n            const result = await checkTestResults(name, testConfig);\n            console.log(`Test result for ${name} - ${testName}: ${result}`);\n            should.equal(result, testConfig.expected_result);\n\n            // Log the test result in a format that matches the report generator's expectations\n            console.log(`Reporter data: ${this.test.cell.columnId},${this.test.cell.rowId},${result}`);\n          }",
          "async": 0,
          "sync": true,
          "_timeout": 150000,
          "_slow": 75,
          "_retries": -1,
          "timedOut": false,
          "_currentRetry": 0,
          "pending": false,
          "file": "/home/runner/work/vc-jose-cose-test-suite/vc-jose-cose-test-suite/tests/test-runner.js",
          "parent": "kAuFCxT703XZRoEYmolpE",
          "ctx": null,
          "_testId": "urn:uuid:56b56c9c-7d73-4eeb-8df4-576edf86ac3d",
          "_events": {},
          "_eventsCount": 1,
          "timer": {
            "_idleTimeout": -1,
            "_idlePrev": null,
            "_idleNext": null,
            "_idleStart": 129306,
            "_onTimeout": null,
            "_repeat": null,
            "_destroyed": true
          },
          "cell": {
            "columnId": "decentralgabe",
            "rowId": "30. COSE Credential Verification Incorrect Encoding"
          },
          "duration": 439,
          "state": "passed",
          "speed": "slow"
        },
        {
          "type": "test",
          "title": "31. COSE Basic Presentation Verification",
          "body": "async function() {\n            if (!features[requiredFeature]) {\n              console.log(`Skipping test \"${testName}\" for ${name} due to missing feature: ${requiredFeature}`);\n              this.skip();\n              return;\n            }\n\n            console.log(`Running test: ${testName} for implementation: ${name}`);\n            await generateTestResults(name, testConfig);\n            this.test.cell = {columnId: name, rowId: testName};\n            const result = await checkTestResults(name, testConfig);\n            console.log(`Test result for ${name} - ${testName}: ${result}`);\n            should.equal(result, testConfig.expected_result);\n\n            // Log the test result in a format that matches the report generator's expectations\n            console.log(`Reporter data: ${this.test.cell.columnId},${this.test.cell.rowId},${result}`);\n          }",
          "async": 0,
          "sync": true,
          "_timeout": 150000,
          "_slow": 75,
          "_retries": -1,
          "timedOut": false,
          "_currentRetry": 0,
          "pending": false,
          "file": "/home/runner/work/vc-jose-cose-test-suite/vc-jose-cose-test-suite/tests/test-runner.js",
          "parent": "kAuFCxT703XZRoEYmolpE",
          "ctx": null,
          "_testId": "urn:uuid:4dc79bb3-99f9-4d0a-b1d7-0df374caaf4e",
          "_events": {},
          "_eventsCount": 1,
          "timer": {
            "_idleTimeout": -1,
            "_idlePrev": null,
            "_idleNext": null,
            "_idleStart": 129741,
            "_onTimeout": null,
            "_repeat": null,
            "_destroyed": true
          },
          "cell": {
            "columnId": "decentralgabe",
            "rowId": "31. COSE Basic Presentation Verification"
          },
          "duration": 435,
          "state": "passed",
          "speed": "slow"
        },
        {
          "type": "test",
          "title": "32. COSE Credential With an Invalid Signature",
          "body": "async function() {\n            if (!features[requiredFeature]) {\n              console.log(`Skipping test \"${testName}\" for ${name} due to missing feature: ${requiredFeature}`);\n              this.skip();\n              return;\n            }\n\n            console.log(`Running test: ${testName} for implementation: ${name}`);\n            await generateTestResults(name, testConfig);\n            this.test.cell = {columnId: name, rowId: testName};\n            const result = await checkTestResults(name, testConfig);\n            console.log(`Test result for ${name} - ${testName}: ${result}`);\n            should.equal(result, testConfig.expected_result);\n\n            // Log the test result in a format that matches the report generator's expectations\n            console.log(`Reporter data: ${this.test.cell.columnId},${this.test.cell.rowId},${result}`);\n          }",
          "async": 0,
          "sync": true,
          "_timeout": 150000,
          "_slow": 75,
          "_retries": -1,
          "timedOut": false,
          "_currentRetry": 0,
          "pending": false,
          "file": "/home/runner/work/vc-jose-cose-test-suite/vc-jose-cose-test-suite/tests/test-runner.js",
          "parent": "kAuFCxT703XZRoEYmolpE",
          "ctx": null,
          "_testId": "urn:uuid:f2cec2c5-407a-4a73-a8fa-3d4f31bd9371",
          "_events": {},
          "_eventsCount": 1,
          "timer": {
            "_idleTimeout": -1,
            "_idlePrev": null,
            "_idleNext": null,
            "_idleStart": 130181,
            "_onTimeout": null,
            "_repeat": null,
            "_destroyed": true
          },
          "cell": {
            "columnId": "decentralgabe",
            "rowId": "32. COSE Credential With an Invalid Signature"
          },
          "duration": 440,
          "state": "passed",
          "speed": "slow"
        },
        {
          "type": "test",
          "title": "33. COSE Credential with an Invalid Media Type",
          "body": "async function() {\n            if (!features[requiredFeature]) {\n              console.log(`Skipping test \"${testName}\" for ${name} due to missing feature: ${requiredFeature}`);\n              this.skip();\n              return;\n            }\n\n            console.log(`Running test: ${testName} for implementation: ${name}`);\n            await generateTestResults(name, testConfig);\n            this.test.cell = {columnId: name, rowId: testName};\n            const result = await checkTestResults(name, testConfig);\n            console.log(`Test result for ${name} - ${testName}: ${result}`);\n            should.equal(result, testConfig.expected_result);\n\n            // Log the test result in a format that matches the report generator's expectations\n            console.log(`Reporter data: ${this.test.cell.columnId},${this.test.cell.rowId},${result}`);\n          }",
          "async": 0,
          "sync": true,
          "_timeout": 150000,
          "_slow": 75,
          "_retries": -1,
          "timedOut": false,
          "_currentRetry": 0,
          "pending": false,
          "file": "/home/runner/work/vc-jose-cose-test-suite/vc-jose-cose-test-suite/tests/test-runner.js",
          "parent": "kAuFCxT703XZRoEYmolpE",
          "ctx": null,
          "_testId": "urn:uuid:a1590797-10fc-4c28-8280-112607c9def1",
          "_events": {},
          "_eventsCount": 1,
          "timer": {
            "_idleTimeout": -1,
            "_idlePrev": null,
            "_idleNext": null,
            "_idleStart": 130626,
            "_onTimeout": null,
            "_repeat": null,
            "_destroyed": true
          },
          "cell": {
            "columnId": "decentralgabe",
            "rowId": "33. COSE Credential with an Invalid Media Type"
          },
          "duration": 445,
          "state": "passed",
          "speed": "slow"
        },
        {
          "type": "test",
          "title": "34. COSE Presentation with an Invalid Media Type",
          "body": "async function() {\n            if (!features[requiredFeature]) {\n              console.log(`Skipping test \"${testName}\" for ${name} due to missing feature: ${requiredFeature}`);\n              this.skip();\n              return;\n            }\n\n            console.log(`Running test: ${testName} for implementation: ${name}`);\n            await generateTestResults(name, testConfig);\n            this.test.cell = {columnId: name, rowId: testName};\n            const result = await checkTestResults(name, testConfig);\n            console.log(`Test result for ${name} - ${testName}: ${result}`);\n            should.equal(result, testConfig.expected_result);\n\n            // Log the test result in a format that matches the report generator's expectations\n            console.log(`Reporter data: ${this.test.cell.columnId},${this.test.cell.rowId},${result}`);\n          }",
          "async": 0,
          "sync": true,
          "_timeout": 150000,
          "_slow": 75,
          "_retries": -1,
          "timedOut": false,
          "_currentRetry": 0,
          "pending": false,
          "file": "/home/runner/work/vc-jose-cose-test-suite/vc-jose-cose-test-suite/tests/test-runner.js",
          "parent": "kAuFCxT703XZRoEYmolpE",
          "ctx": null,
          "_testId": "urn:uuid:29d11adb-a11a-4cfd-8716-7eaae99849f8",
          "_events": {},
          "_eventsCount": 1,
          "timer": {
            "_idleTimeout": -1,
            "_idlePrev": null,
            "_idleNext": null,
            "_idleStart": 131062,
            "_onTimeout": null,
            "_repeat": null,
            "_destroyed": true
          },
          "cell": {
            "columnId": "decentralgabe",
            "rowId": "34. COSE Presentation with an Invalid Media Type"
          },
          "duration": 436,
          "state": "passed",
          "speed": "slow"
        },
        {
          "type": "test",
          "title": "35. COSE Presentation with Invalid Credentials",
          "body": "async function() {\n            if (!features[requiredFeature]) {\n              console.log(`Skipping test \"${testName}\" for ${name} due to missing feature: ${requiredFeature}`);\n              this.skip();\n              return;\n            }\n\n            console.log(`Running test: ${testName} for implementation: ${name}`);\n            await generateTestResults(name, testConfig);\n            this.test.cell = {columnId: name, rowId: testName};\n            const result = await checkTestResults(name, testConfig);\n            console.log(`Test result for ${name} - ${testName}: ${result}`);\n            should.equal(result, testConfig.expected_result);\n\n            // Log the test result in a format that matches the report generator's expectations\n            console.log(`Reporter data: ${this.test.cell.columnId},${this.test.cell.rowId},${result}`);\n          }",
          "async": 0,
          "sync": true,
          "_timeout": 150000,
          "_slow": 75,
          "_retries": -1,
          "timedOut": false,
          "_currentRetry": 0,
          "pending": false,
          "file": "/home/runner/work/vc-jose-cose-test-suite/vc-jose-cose-test-suite/tests/test-runner.js",
          "parent": "kAuFCxT703XZRoEYmolpE",
          "ctx": null,
          "_testId": "urn:uuid:9ee6609a-8d47-4230-aa5d-89175fb7073d",
          "_events": {},
          "_eventsCount": 1,
          "timer": {
            "_idleTimeout": -1,
            "_idlePrev": null,
            "_idleNext": null,
            "_idleStart": 131501,
            "_onTimeout": null,
            "_repeat": null,
            "_destroyed": true
          },
          "cell": {
            "columnId": "decentralgabe",
            "rowId": "35. COSE Presentation with Invalid Credentials"
          },
          "duration": 439,
          "state": "passed",
          "speed": "slow"
        }
      ],
      "root": false,
      "pending": false,
      "_retries": -1,
      "_beforeEach": [],
      "_beforeAll": [],
      "_afterEach": [],
      "_afterAll": [],
      "_timeout": 150000,
      "_slow": 75,
      "_bail": false,
      "_onlyTests": [],
      "_onlySuites": [],
      "delayed": false,
      "parent": "rDt9o6_kqOEyjRD6tydBv",
      "file": "/home/runner/work/vc-jose-cose-test-suite/vc-jose-cose-test-suite/tests/test-runner.js",
      "matrix": true,
      "report": true,
      "implemented": [
        "Mavennet",
        "Tradeverifyd",
        "decentralgabe"
      ],
      "rowLabel": "Test Name",
      "columnLabel": "Implementation",
      "_testId": "urn:uuid:8036ab83-e7f4-438c-904f-564f91d2bf3b"
    }
  ],
  "tests": [],
  "root": true,
  "pending": false,
  "_retries": -1,
  "_beforeEach": [],
  "_beforeAll": [],
  "_afterEach": [],
  "_afterAll": [],
  "_timeout": 150000,
  "_slow": 75,
  "_bail": false,
  "_onlyTests": [],
  "_onlySuites": [],
  "delayed": false,
  "_events": {
    "pre-require": [
      null,
      null
    ]
  },
  "_eventsCount": 1,
  "_testId": "urn:uuid:89741fa5-4154-46cb-b256-e0bce4494b74"
}